"","Freq","Genes"
"BRAF",284,"BRAF"
"NRAS",39,"NRAS"
"TTN",25,"TTN"
"TG",19,"TG"
"HRAS",17,"HRAS"
"MUC16",14,"MUC16"
"BDP1",10,"BDP1"
"HMCN1",10,"HMCN1"
"KMT2A",9,"KMT2A"
"MACF1",9,"MACF1"
"EIF1AX",8,"EIF1AX"
"SPTA1",8,"SPTA1"
"DNAH9",7,"DNAH9"
"INTS2",7,"INTS2"
"KIAA1109",7,"KIAA1109"
"ADGRV1",6,"ADGRV1"
"ATM",6,"ATM"
"DNAH2",6,"DNAH2"
"DNAH8",6,"DNAH8"
"GOLGA4",6,"GOLGA4"
"JMJD1C",6,"JMJD1C"
"LRRK2",6,"LRRK2"
"MXRA5",6,"MXRA5"
"RBBP6",6,"RBBP6"
"SMC3",6,"SMC3"
"USP9X",6,"USP9X"
"VPS13A",6,"VPS13A"
"ZFHX3",6,"ZFHX3"
"AKAP9",5,"AKAP9"
"AKT1",5,"AKT1"
"APC",5,"APC"
"APOB",5,"APOB"
"ARFGEF2",5,"ARFGEF2"
"BPTF",5,"BPTF"
"BRCA1",5,"BRCA1"
"CHEK2",5,"CHEK2"
"CNTLN",5,"CNTLN"
"CSMD2",5,"CSMD2"
"DNMT3A",5,"DNMT3A"
"GBF1",5,"GBF1"
"GRIN2B",5,"GRIN2B"
"KMT2C",5,"KMT2C"
"LRP1B",5,"LRP1B"
"MKI67",5,"MKI67"
"MYH13",5,"MYH13"
"NAV3",5,"NAV3"
"NIPBL",5,"NIPBL"
"PKHD1",5,"PKHD1"
"PPM1D",5,"PPM1D"
"PTPRZ1",5,"PTPRZ1"
"RAPGEF6",5,"RAPGEF6"
"RP1",5,"RP1"
"RYR1",5,"RYR1"
"ABCA12",4,"ABCA12"
"ABCB11",4,"ABCB11"
"AIM1",4,"AIM1"
"AP3B1",4,"AP3B1"
"ARID2",4,"ARID2"
"ATAD5",4,"ATAD5"
"BRCA2",4,"BRCA2"
"C2CD3",4,"C2CD3"
"CCDC180",4,"CCDC180"
"CCDC30",4,"CCDC30"
"CDKAL1",4,"CDKAL1"
"CELSR1",4,"CELSR1"
"CEP350",4,"CEP350"
"CNTN5",4,"CNTN5"
"COL5A3",4,"COL5A3"
"CSMD3",4,"CSMD3"
"DAAM1",4,"DAAM1"
"DNAH10",4,"DNAH10"
"DNAJC13",4,"DNAJC13"
"DOCK7",4,"DOCK7"
"EPG5",4,"EPG5"
"FAM35A",4,"FAM35A"
"FLNC",4,"FLNC"
"FREM1",4,"FREM1"
"HUWE1",4,"HUWE1"
"IDE",4,"IDE"
"KDM2A",4,"KDM2A"
"KIAA2022",4,"KIAA2022"
"KIAA2026",4,"KIAA2026"
"LRPPRC",4,"LRPPRC"
"LYST",4,"LYST"
"MAP3K3",4,"MAP3K3"
"MARCH6",4,"MARCH6"
"MDN1",4,"MDN1"
"MUC5B",4,"MUC5B"
"NUF2",4,"NUF2"
"NUP93",4,"NUP93"
"OBSCN",4,"OBSCN"
"PDZD2",4,"PDZD2"
"PGAP1",4,"PGAP1"
"PIK3R5",4,"PIK3R5"
"PLCE1",4,"PLCE1"
"PLEC",4,"PLEC"
"POLR1B",4,"POLR1B"
"PRPF38B",4,"PRPF38B"
"PRRC2A",4,"PRRC2A"
"RP11-407N17.3",4,"RP11-407N17.3"
"RPRD1A",4,"RPRD1A"
"SACS",4,"SACS"
"SEMG2",4,"SEMG2"
"SPEN",4,"SPEN"
"SYNE1",4,"SYNE1"
"TACC2",4,"TACC2"
"TENM1",4,"TENM1"
"TNR",4,"TNR"
"TROVE2",4,"TROVE2"
"UBR5",4,"UBR5"
"UNC79",4,"UNC79"
"USH2A",4,"USH2A"
"UTRN",4,"UTRN"
"VPS13C",4,"VPS13C"
"XIRP2",4,"XIRP2"
"ZNF292",4,"ZNF292"
"ABCD1",3,"ABCD1"
"ACADSB",3,"ACADSB"
"ADAMTS19",3,"ADAMTS19"
"ADAMTS9",3,"ADAMTS9"
"ADGRB3",3,"ADGRB3"
"AFM",3,"AFM"
"AKAP13",3,"AKAP13"
"ALMS1",3,"ALMS1"
"ALPK1",3,"ALPK1"
"ANK1",3,"ANK1"
"ANKRD12",3,"ANKRD12"
"ANKRD26",3,"ANKRD26"
"ANKRD30A",3,"ANKRD30A"
"AOC1",3,"AOC1"
"AOX1",3,"AOX1"
"ARAP3",3,"ARAP3"
"ARFGEF3",3,"ARFGEF3"
"ARHGAP4",3,"ARHGAP4"
"ATG2B",3,"ATG2B"
"ATR",3,"ATR"
"ATRX",3,"ATRX"
"BACH1",3,"BACH1"
"BAZ2B",3,"BAZ2B"
"BCHE",3,"BCHE"
"BCL2L12",3,"BCL2L12"
"BIRC6",3,"BIRC6"
"BNC2",3,"BNC2"
"C11orf87",3,"C11orf87"
"C4BPA",3,"C4BPA"
"C5orf42",3,"C5orf42"
"CACNA1B",3,"CACNA1B"
"CACNA1E",3,"CACNA1E"
"CAND1",3,"CAND1"
"CASC5",3,"CASC5"
"CCDC136",3,"CCDC136"
"CENPF",3,"CENPF"
"CEP192",3,"CEP192"
"CEP290",3,"CEP290"
"CEP63",3,"CEP63"
"CHD3",3,"CHD3"
"CLCA2",3,"CLCA2"
"CNR1",3,"CNR1"
"COL6A2",3,"COL6A2"
"COL6A5",3,"COL6A5"
"COL6A6",3,"COL6A6"
"CPT1A",3,"CPT1A"
"CSMD1",3,"CSMD1"
"CYB5R4",3,"CYB5R4"
"CYSLTR2",3,"CYSLTR2"
"DCC",3,"DCC"
"DCX",3,"DCX"
"DHX30",3,"DHX30"
"DICER1",3,"DICER1"
"DNAH1",3,"DNAH1"
"DNAH17",3,"DNAH17"
"DNAH3",3,"DNAH3"
"DNASE2",3,"DNASE2"
"DOCK11",3,"DOCK11"
"DOCK5",3,"DOCK5"
"DPYD",3,"DPYD"
"DST",3,"DST"
"EFCAB7",3,"EFCAB7"
"EIF4ENIF1",3,"EIF4ENIF1"
"ENPEP",3,"ENPEP"
"ENPP1",3,"ENPP1"
"EPRS",3,"EPRS"
"ERBB4",3,"ERBB4"
"EVPL",3,"EVPL"
"FAT3",3,"FAT3"
"FBN1",3,"FBN1"
"FBXL20",3,"FBXL20"
"FCGBP",3,"FCGBP"
"FGF14",3,"FGF14"
"FHOD3",3,"FHOD3"
"FLII",3,"FLII"
"FMR1",3,"FMR1"
"FRAS1",3,"FRAS1"
"GAPVD1",3,"GAPVD1"
"GCC2",3,"GCC2"
"GCN1L1",3,"GCN1L1"
"GNPAT",3,"GNPAT"
"GPRIN2",3,"GPRIN2"
"GRM6",3,"GRM6"
"GTPBP4",3,"GTPBP4"
"HBS1L",3,"HBS1L"
"HECTD1",3,"HECTD1"
"HMMR",3,"HMMR"
"HSPA4",3,"HSPA4"
"IGHM",3,"IGHM"
"IGSF9B",3,"IGSF9B"
"IL7R",3,"IL7R"
"IQSEC2",3,"IQSEC2"
"ITGAL",3,"ITGAL"
"ITPR2",3,"ITPR2"
"KCNJ16",3,"KCNJ16"
"KIAA2018",3,"KIAA2018"
"KIF4B",3,"KIF4B"
"KMT2E",3,"KMT2E"
"KPNB1",3,"KPNB1"
"KRAS",3,"KRAS"
"LAMA3",3,"LAMA3"
"LAMA4",3,"LAMA4"
"LAMB4",3,"LAMB4"
"LNPEP",3,"LNPEP"
"LRP10",3,"LRP10"
"LRRC19",3,"LRRC19"
"LRRC7",3,"LRRC7"
"LTBP1",3,"LTBP1"
"MAP2",3,"MAP2"
"MBIP",3,"MBIP"
"MED1",3,"MED1"
"MFSD8",3,"MFSD8"
"MIA3",3,"MIA3"
"MMRN1",3,"MMRN1"
"MRC1",3,"MRC1"
"MSH2",3,"MSH2"
"MSI1",3,"MSI1"
"MTMR12",3,"MTMR12"
"MYLK",3,"MYLK"
"MYO9A",3,"MYO9A"
"MYOM2",3,"MYOM2"
"N4BP2",3,"N4BP2"
"NBEA",3,"NBEA"
"NCAM2",3,"NCAM2"
"NSD1",3,"NSD1"
"NWD1",3,"NWD1"
"OGT",3,"OGT"
"OR51F1",3,"OR51F1"
"OR52A1",3,"OR52A1"
"OR5M3",3,"OR5M3"
"OR5T2",3,"OR5T2"
"PALM2-AKAP2",3,"PALM2-AKAP2"
"PC",3,"PC"
"PCDH11X",3,"PCDH11X"
"PCDH15",3,"PCDH15"
"PCSK1",3,"PCSK1"
"PDZRN4",3,"PDZRN4"
"PHF3",3,"PHF3"
"PHIP",3,"PHIP"
"PHKA2",3,"PHKA2"
"PIK3CG",3,"PIK3CG"
"PITPNM3",3,"PITPNM3"
"POLQ",3,"POLQ"
"POLR2B",3,"POLR2B"
"PPP1R3A",3,"PPP1R3A"
"PRDM16",3,"PRDM16"
"PRKD1",3,"PRKD1"
"PRKDC",3,"PRKDC"
"PRPF8",3,"PRPF8"
"PTK2B",3,"PTK2B"
"PTPRD",3,"PTPRD"
"PYGO1",3,"PYGO1"
"PZP",3,"PZP"
"RANBP2",3,"RANBP2"
"RELN",3,"RELN"
"REV3L",3,"REV3L"
"RGPD4",3,"RGPD4"
"RIMS2",3,"RIMS2"
"ROS1",3,"ROS1"
"RTTN",3,"RTTN"
"RWDD1",3,"RWDD1"
"RYR2",3,"RYR2"
"SALL2",3,"SALL2"
"SCAF4",3,"SCAF4"
"SCN3A",3,"SCN3A"
"SCN9A",3,"SCN9A"
"SEC16A",3,"SEC16A"
"SETD5",3,"SETD5"
"SI",3,"SI"
"SIPA1L1",3,"SIPA1L1"
"SLC12A6",3,"SLC12A6"
"SLC34A2",3,"SLC34A2"
"SLC38A9",3,"SLC38A9"
"SMCHD1",3,"SMCHD1"
"SPAG9",3,"SPAG9"
"SPATA31A6",3,"SPATA31A6"
"SPECC1",3,"SPECC1"
"SPTBN4",3,"SPTBN4"
"STAB2",3,"STAB2"
"STAU2",3,"STAU2"
"STT3A",3,"STT3A"
"SUOX",3,"SUOX"
"SVIL",3,"SVIL"
"SYNE2",3,"SYNE2"
"TCF7L1",3,"TCF7L1"
"TDRD7",3,"TDRD7"
"TENM4",3,"TENM4"
"TEX14",3,"TEX14"
"TEX15",3,"TEX15"
"THOC2",3,"THOC2"
"TJP1",3,"TJP1"
"TMEM132D",3,"TMEM132D"
"TMPRSS15",3,"TMPRSS15"
"TUT1",3,"TUT1"
"U2SURP",3,"U2SURP"
"UBP1",3,"UBP1"
"UGGT2",3,"UGGT2"
"USP33",3,"USP33"
"USP47",3,"USP47"
"USP54",3,"USP54"
"UTP20",3,"UTP20"
"UTP3",3,"UTP3"
"VPS13B",3,"VPS13B"
"VPS13D",3,"VPS13D"
"WDFY3",3,"WDFY3"
"WDR11",3,"WDR11"
"WDR33",3,"WDR33"
"WDR6",3,"WDR6"
"WHSC1L1",3,"WHSC1L1"
"WNK2",3,"WNK2"
"XRCC5",3,"XRCC5"
"YLPM1",3,"YLPM1"
"YTHDC1",3,"YTHDC1"
"ZC3H13",3,"ZC3H13"
"ZNF257",3,"ZNF257"
"ZNF407",3,"ZNF407"
"ZNF461",3,"ZNF461"
"ZNF583",3,"ZNF583"
"ZNF724P",3,"ZNF724P"
"ZNF777",3,"ZNF777"
"ZNF804A",3,"ZNF804A"
"ZNF85",3,"ZNF85"
"AASDH",2,"AASDH"
"ABCA5",2,"ABCA5"
"ABCA9",2,"ABCA9"
"ABCB5",2,"ABCB5"
"ABCC2",2,"ABCC2"
"ABCC9",2,"ABCC9"
"ABCG8",2,"ABCG8"
"ABHD16A",2,"ABHD16A"
"ABHD4",2,"ABHD4"
"ACAD10",2,"ACAD10"
"ADAMTS16",2,"ADAMTS16"
"ADAMTS18",2,"ADAMTS18"
"ADAMTSL3",2,"ADAMTSL3"
"ADGRA2",2,"ADGRA2"
"ADGRL2",2,"ADGRL2"
"ADH7",2,"ADH7"
"ADO",2,"ADO"
"AFF2",2,"AFF2"
"AGFG1",2,"AGFG1"
"AHNAK2",2,"AHNAK2"
"AJAP1",2,"AJAP1"
"AK7",2,"AK7"
"AKAP11",2,"AKAP11"
"AKAP12",2,"AKAP12"
"AKT2",2,"AKT2"
"ALDH2",2,"ALDH2"
"ALG13",2,"ALG13"
"ALOX12B",2,"ALOX12B"
"ALPK3",2,"ALPK3"
"AMDHD1",2,"AMDHD1"
"AMPD2",2,"AMPD2"
"ANGPT2",2,"ANGPT2"
"ANK2",2,"ANK2"
"ANKAR",2,"ANKAR"
"ANKLE1",2,"ANKLE1"
"ANKMY1",2,"ANKMY1"
"ANKRD17",2,"ANKRD17"
"ANKRD35",2,"ANKRD35"
"ANKS1A",2,"ANKS1A"
"ANXA7",2,"ANXA7"
"AP5B1",2,"AP5B1"
"APBB1",2,"APBB1"
"APOBR",2,"APOBR"
"ARCN1",2,"ARCN1"
"ARFIP2",2,"ARFIP2"
"ARHGAP18",2,"ARHGAP18"
"ARHGAP29",2,"ARHGAP29"
"ARHGEF40",2,"ARHGEF40"
"ARID4A",2,"ARID4A"
"ARMC3",2,"ARMC3"
"ARRDC3",2,"ARRDC3"
"ARSI",2,"ARSI"
"ARSJ",2,"ARSJ"
"ASAP1",2,"ASAP1"
"ASB12",2,"ASB12"
"ASPM",2,"ASPM"
"ATN1",2,"ATN1"
"ATP10D",2,"ATP10D"
"ATP11B",2,"ATP11B"
"ATP11C",2,"ATP11C"
"ATP12A",2,"ATP12A"
"ATP13A5",2,"ATP13A5"
"ATP1A2",2,"ATP1A2"
"ATP2B4",2,"ATP2B4"
"ATP4A",2,"ATP4A"
"ATXN2L",2,"ATXN2L"
"B3GNT5",2,"B3GNT5"
"BAD",2,"BAD"
"BBS12",2,"BBS12"
"BCAP29",2,"BCAP29"
"BCAR3",2,"BCAR3"
"BCAT1",2,"BCAT1"
"BCL9",2,"BCL9"
"BDH1",2,"BDH1"
"BFAR",2,"BFAR"
"BFSP2",2,"BFSP2"
"BGN",2,"BGN"
"BICD1",2,"BICD1"
"BLZF1",2,"BLZF1"
"BOD1L1",2,"BOD1L1"
"BRWD1",2,"BRWD1"
"BSN",2,"BSN"
"BSPRY",2,"BSPRY"
"BTN3A3",2,"BTN3A3"
"C10orf12",2,"C10orf12"
"C10orf2",2,"C10orf2"
"C10orf90",2,"C10orf90"
"C16orf72",2,"C16orf72"
"C16orf86",2,"C16orf86"
"C1R",2,"C1R"
"C2orf16",2,"C2orf16"
"C6",2,"C6"
"C9orf116",2,"C9orf116"
"CA13",2,"CA13"
"CACNA1A",2,"CACNA1A"
"CACNA1G",2,"CACNA1G"
"CACNA2D4",2,"CACNA2D4"
"CAMSAP2",2,"CAMSAP2"
"CARD10",2,"CARD10"
"CASD1",2,"CASD1"
"CASZ1",2,"CASZ1"
"CATSPER4",2,"CATSPER4"
"CCBL2",2,"CCBL2"
"CCDC129",2,"CCDC129"
"CCDC150",2,"CCDC150"
"CCDC158",2,"CCDC158"
"CCDC170",2,"CCDC170"
"CCDC171",2,"CCDC171"
"CCDC39",2,"CCDC39"
"CCDC6",2,"CCDC6"
"CCNG2",2,"CCNG2"
"CCNT1",2,"CCNT1"
"CCT8",2,"CCT8"
"CD163",2,"CD163"
"CD38",2,"CD38"
"CDC27",2,"CDC27"
"CDCA2",2,"CDCA2"
"CDH23",2,"CDH23"
"CDH7",2,"CDH7"
"CDH8",2,"CDH8"
"CDKN2C",2,"CDKN2C"
"CECR2",2,"CECR2"
"CEMIP",2,"CEMIP"
"CENPL",2,"CENPL"
"CEP120",2,"CEP120"
"CEP128",2,"CEP128"
"CEP164",2,"CEP164"
"CEP250",2,"CEP250"
"CEP95",2,"CEP95"
"CFAP46",2,"CFAP46"
"CFAP47",2,"CFAP47"
"CHD2",2,"CHD2"
"CHST5",2,"CHST5"
"CILP",2,"CILP"
"CIRH1A",2,"CIRH1A"
"CLASP1",2,"CLASP1"
"CLCN3",2,"CLCN3"
"CNOT1",2,"CNOT1"
"CNOT10",2,"CNOT10"
"CNOT7",2,"CNOT7"
"CNR2",2,"CNR2"
"CNTNAP1",2,"CNTNAP1"
"COL11A1",2,"COL11A1"
"COL11A2",2,"COL11A2"
"COL12A1",2,"COL12A1"
"COL3A1",2,"COL3A1"
"COL4A4",2,"COL4A4"
"COL5A1",2,"COL5A1"
"COL6A3",2,"COL6A3"
"COQ6",2,"COQ6"
"CORIN",2,"CORIN"
"CPED1",2,"CPED1"
"CPS1",2,"CPS1"
"CPSF2",2,"CPSF2"
"CREB3L3",2,"CREB3L3"
"CTC1",2,"CTC1"
"CTNNA3",2,"CTNNA3"
"CTNNB1",2,"CTNNB1"
"CTNND2",2,"CTNND2"
"CTSS",2,"CTSS"
"CTTNBP2",2,"CTTNBP2"
"CUX1",2,"CUX1"
"CYLC2",2,"CYLC2"
"CYP11A1",2,"CYP11A1"
"CYP2C9",2,"CYP2C9"
"DCAF12L2",2,"DCAF12L2"
"DCT",2,"DCT"
"DDR2",2,"DDR2"
"DDX42",2,"DDX42"
"DDX46",2,"DDX46"
"DDX60",2,"DDX60"
"DGCR8",2,"DGCR8"
"DGKB",2,"DGKB"
"DHX29",2,"DHX29"
"DHX8",2,"DHX8"
"DLG2",2,"DLG2"
"DLG5",2,"DLG5"
"DLGAP5",2,"DLGAP5"
"DMP1",2,"DMP1"
"DMTN",2,"DMTN"
"DMXL1",2,"DMXL1"
"DMXL2",2,"DMXL2"
"DNAH7",2,"DNAH7"
"DNAJA2",2,"DNAJA2"
"DNAJC1",2,"DNAJC1"
"DNAJC11",2,"DNAJC11"
"DNTTIP1",2,"DNTTIP1"
"DOCK10",2,"DOCK10"
"DOCK2",2,"DOCK2"
"DOCK6",2,"DOCK6"
"DOCK8",2,"DOCK8"
"DOPEY1",2,"DOPEY1"
"DPYSL5",2,"DPYSL5"
"DRD4",2,"DRD4"
"DSCAML1",2,"DSCAML1"
"DSE",2,"DSE"
"DVL2",2,"DVL2"
"DYNC1H1",2,"DYNC1H1"
"DYRK4",2,"DYRK4"
"DYSF",2,"DYSF"
"E2F8",2,"E2F8"
"ECT2",2,"ECT2"
"EFCAB5",2,"EFCAB5"
"EFR3A",2,"EFR3A"
"EGFL8",2,"EGFL8"
"EIF2AK3",2,"EIF2AK3"
"EIF3F",2,"EIF3F"
"ELF4",2,"ELF4"
"ELOVL1",2,"ELOVL1"
"ENPP2",2,"ENPP2"
"EPB41L4A",2,"EPB41L4A"
"EPHB1",2,"EPHB1"
"ERBB3",2,"ERBB3"
"ERC1",2,"ERC1"
"ESCO2",2,"ESCO2"
"ESYT2",2,"ESYT2"
"ETS1",2,"ETS1"
"EXPH5",2,"EXPH5"
"FAM110B",2,"FAM110B"
"FAM117B",2,"FAM117B"
"FAM120B",2,"FAM120B"
"FAM129B",2,"FAM129B"
"FAM133A",2,"FAM133A"
"FAM155A",2,"FAM155A"
"FAM169B",2,"FAM169B"
"FAM217A",2,"FAM217A"
"FAM78A",2,"FAM78A"
"FAM98B",2,"FAM98B"
"FANCA",2,"FANCA"
"FANCD2",2,"FANCD2"
"FAR1",2,"FAR1"
"FAT2",2,"FAT2"
"FBN3",2,"FBN3"
"FBXO11",2,"FBXO11"
"FBXO9",2,"FBXO9"
"FCRL2",2,"FCRL2"
"FGD1",2,"FGD1"
"FGD2",2,"FGD2"
"FGD4",2,"FGD4"
"FGD5",2,"FGD5"
"FGF13",2,"FGF13"
"FLG",2,"FLG"
"FLG2",2,"FLG2"
"FLNA",2,"FLNA"
"FMNL1",2,"FMNL1"
"FOCAD",2,"FOCAD"
"FOLH1",2,"FOLH1"
"FOXK2",2,"FOXK2"
"FPGT-TNNI3K",2,"FPGT-TNNI3K"
"FRMPD2",2,"FRMPD2"
"FRMPD3",2,"FRMPD3"
"FRMPD4",2,"FRMPD4"
"FRRS1",2,"FRRS1"
"FRY",2,"FRY"
"FRYL",2,"FRYL"
"FSCB",2,"FSCB"
"FSIP2",2,"FSIP2"
"FUT3",2,"FUT3"
"FZD8",2,"FZD8"
"GABRA2",2,"GABRA2"
"GALNT7",2,"GALNT7"
"GALNTL5",2,"GALNTL5"
"GALT",2,"GALT"
"GARNL3",2,"GARNL3"
"GAS2L3",2,"GAS2L3"
"GBA2",2,"GBA2"
"GBE1",2,"GBE1"
"GEMIN5",2,"GEMIN5"
"GFI1B",2,"GFI1B"
"GIMAP6",2,"GIMAP6"
"GIMAP8",2,"GIMAP8"
"GLB1L",2,"GLB1L"
"GLI2",2,"GLI2"
"GLI3",2,"GLI3"
"GLP2R",2,"GLP2R"
"GNAL",2,"GNAL"
"GNAS",2,"GNAS"
"GOLGB1",2,"GOLGB1"
"GPBP1",2,"GPBP1"
"GPR101",2,"GPR101"
"GPR139",2,"GPR139"
"GPR151",2,"GPR151"
"GRAMD1C",2,"GRAMD1C"
"GRAMD2",2,"GRAMD2"
"GRIA2",2,"GRIA2"
"GRIA4",2,"GRIA4"
"GRID2",2,"GRID2"
"GRIK1",2,"GRIK1"
"GRIK4",2,"GRIK4"
"GRIN2A",2,"GRIN2A"
"GRIN2D",2,"GRIN2D"
"GSTO2",2,"GSTO2"
"GUCY1A3",2,"GUCY1A3"
"HAS1",2,"HAS1"
"HCN1",2,"HCN1"
"HEATR1",2,"HEATR1"
"HEATR5B",2,"HEATR5B"
"HEATR6",2,"HEATR6"
"HECTD4",2,"HECTD4"
"HECW2",2,"HECW2"
"HELQ",2,"HELQ"
"HELZ2",2,"HELZ2"
"HID1",2,"HID1"
"HIF1A",2,"HIF1A"
"HIF3A",2,"HIF3A"
"HLA-DPB1",2,"HLA-DPB1"
"HNF4A",2,"HNF4A"
"HNRNPUL2",2,"HNRNPUL2"
"HOOK1",2,"HOOK1"
"HOOK3",2,"HOOK3"
"HP1BP3",2,"HP1BP3"
"HSP90AA1",2,"HSP90AA1"
"HSP90AB1",2,"HSP90AB1"
"HSPD1",2,"HSPD1"
"HTR3B",2,"HTR3B"
"HTR3C",2,"HTR3C"
"HYPK",2,"HYPK"
"IGSF1",2,"IGSF1"
"IGSF10",2,"IGSF10"
"IKBKAP",2,"IKBKAP"
"IL16",2,"IL16"
"IL18R1",2,"IL18R1"
"IMPDH2",2,"IMPDH2"
"IMPG1",2,"IMPG1"
"INADL",2,"INADL"
"INPP4B",2,"INPP4B"
"INTU",2,"INTU"
"IRF3",2,"IRF3"
"IRF5",2,"IRF5"
"IRS1",2,"IRS1"
"IRS2",2,"IRS2"
"ITGA10",2,"ITGA10"
"ITGB1",2,"ITGB1"
"ITGB3",2,"ITGB3"
"ITGBL1",2,"ITGBL1"
"JAK2",2,"JAK2"
"JAKMIP1",2,"JAKMIP1"
"JRKL",2,"JRKL"
"KANK1",2,"KANK1"
"KANK2",2,"KANK2"
"KAT6A",2,"KAT6A"
"KAT6B",2,"KAT6B"
"KBTBD8",2,"KBTBD8"
"KCNC3",2,"KCNC3"
"KCND3",2,"KCND3"
"KCNMA1",2,"KCNMA1"
"KCNS2",2,"KCNS2"
"KCNU1",2,"KCNU1"
"KDM3A",2,"KDM3A"
"KDM3B",2,"KDM3B"
"KIAA0355",2,"KIAA0355"
"KIAA0922",2,"KIAA0922"
"KIAA1279",2,"KIAA1279"
"KIAA1429",2,"KIAA1429"
"KIAA1549",2,"KIAA1549"
"KIAA1549L",2,"KIAA1549L"
"KIAA1551",2,"KIAA1551"
"KIAA1586",2,"KIAA1586"
"KIAA1958",2,"KIAA1958"
"KIF15",2,"KIF15"
"KIF1B",2,"KIF1B"
"KIF20B",2,"KIF20B"
"KLHL5",2,"KLHL5"
"KMT2D",2,"KMT2D"
"KPNA1",2,"KPNA1"
"KRBA2",2,"KRBA2"
"KRT85",2,"KRT85"
"KRTAP21-2",2,"KRTAP21-2"
"KSR2",2,"KSR2"
"LAMC2",2,"LAMC2"
"LAMC3",2,"LAMC3"
"LAMP3",2,"LAMP3"
"LDHA",2,"LDHA"
"LETM1",2,"LETM1"
"LILRB1",2,"LILRB1"
"LINGO1",2,"LINGO1"
"LINGO2",2,"LINGO2"
"LONRF3",2,"LONRF3"
"LPAR6",2,"LPAR6"
"LPP",2,"LPP"
"LRFN3",2,"LRFN3"
"LRGUK",2,"LRGUK"
"LRRC37A3",2,"LRRC37A3"
"LRRC40",2,"LRRC40"
"LRRC49",2,"LRRC49"
"LRRC4C",2,"LRRC4C"
"LRRC8A",2,"LRRC8A"
"LRRCC1",2,"LRRCC1"
"LRRIQ3",2,"LRRIQ3"
"LSAMP",2,"LSAMP"
"LTV1",2,"LTV1"
"LUC7L3",2,"LUC7L3"
"LY75",2,"LY75"
"MADD",2,"MADD"
"MAGEB6",2,"MAGEB6"
"MAGI3",2,"MAGI3"
"MAP1A",2,"MAP1A"
"MAP1B",2,"MAP1B"
"MAP2K6",2,"MAP2K6"
"MAP3K15",2,"MAP3K15"
"MAP3K8",2,"MAP3K8"
"MAP4K4",2,"MAP4K4"
"MAP7D2",2,"MAP7D2"
"MAPK6",2,"MAPK6"
"MAPKBP1",2,"MAPKBP1"
"MCF2",2,"MCF2"
"MCM4",2,"MCM4"
"MCMBP",2,"MCMBP"
"MCPH1",2,"MCPH1"
"MCTP2",2,"MCTP2"
"MEA1",2,"MEA1"
"MED12L",2,"MED12L"
"MEFV",2,"MEFV"
"MEN1",2,"MEN1"
"METTL2B",2,"METTL2B"
"MGAT5B",2,"MGAT5B"
"MKLN1",2,"MKLN1"
"MLIP",2,"MLIP"
"MLLT4",2,"MLLT4"
"MMP13",2,"MMP13"
"MMP21",2,"MMP21"
"MORC4",2,"MORC4"
"MOV10",2,"MOV10"
"MPDZ",2,"MPDZ"
"MPHOSPH8",2,"MPHOSPH8"
"MRE11A",2,"MRE11A"
"MROH2B",2,"MROH2B"
"MRPL41",2,"MRPL41"
"MRS2",2,"MRS2"
"MSANTD2",2,"MSANTD2"
"MSLNL",2,"MSLNL"
"MTMR6",2,"MTMR6"
"MUC17",2,"MUC17"
"MUC7",2,"MUC7"
"MYBPC2",2,"MYBPC2"
"MYCBP2",2,"MYCBP2"
"MYCBPAP",2,"MYCBPAP"
"MYH1",2,"MYH1"
"MYH15",2,"MYH15"
"MYH2",2,"MYH2"
"MYH6",2,"MYH6"
"MYO10",2,"MYO10"
"MYO15A",2,"MYO15A"
"MYO19",2,"MYO19"
"MYO3A",2,"MYO3A"
"MYO3B",2,"MYO3B"
"MYO5C",2,"MYO5C"
"MYOZ2",2,"MYOZ2"
"N4BP2L2",2,"N4BP2L2"
"NBPF10",2,"NBPF10"
"NCAPD3",2,"NCAPD3"
"NCKAP1",2,"NCKAP1"
"NCKAP1L",2,"NCKAP1L"
"NCOA7",2,"NCOA7"
"NDUFA9",2,"NDUFA9"
"NDUFAF6",2,"NDUFAF6"
"NEB",2,"NEB"
"NEK8",2,"NEK8"
"NFAT5",2,"NFAT5"
"NFATC4",2,"NFATC4"
"NFE2L3",2,"NFE2L3"
"NFIA",2,"NFIA"
"NHSL2",2,"NHSL2"
"NID2",2,"NID2"
"NIM1K",2,"NIM1K"
"NKX2-1",2,"NKX2-1"
"NLRC4",2,"NLRC4"
"NME8",2,"NME8"
"NOL8",2,"NOL8"
"NOTCH4",2,"NOTCH4"
"NPC1L1",2,"NPC1L1"
"NPHS1",2,"NPHS1"
"NPR1",2,"NPR1"
"NUP133",2,"NUP133"
"NUP210L",2,"NUP210L"
"NUP214",2,"NUP214"
"OR10AG1",2,"OR10AG1"
"OR13F1",2,"OR13F1"
"OR1S2",2,"OR1S2"
"OR2J2",2,"OR2J2"
"OR2M3",2,"OR2M3"
"OR4D5",2,"OR4D5"
"OR4K5",2,"OR4K5"
"OR4M1",2,"OR4M1"
"OR4N5",2,"OR4N5"
"OR4X1",2,"OR4X1"
"OR52E2",2,"OR52E2"
"OR5D13",2,"OR5D13"
"OR5L1",2,"OR5L1"
"OR8H2",2,"OR8H2"
"OSBP",2,"OSBP"
"PAK7",2,"PAK7"
"PALMD",2,"PALMD"
"PAPSS1",2,"PAPSS1"
"PARP9",2,"PARP9"
"PCDHA8",2,"PCDHA8"
"PCDHB10",2,"PCDHB10"
"PCGF2",2,"PCGF2"
"PCM1",2,"PCM1"
"PCNXL2",2,"PCNXL2"
"PCNXL4",2,"PCNXL4"
"PDE1A",2,"PDE1A"
"PDE4DIP",2,"PDE4DIP"
"PDS5A",2,"PDS5A"
"PDSS1",2,"PDSS1"
"PEAK1",2,"PEAK1"
"PEG3",2,"PEG3"
"PELO",2,"PELO"
"PHACTR2",2,"PHACTR2"
"PHKB",2,"PHKB"
"PIBF1",2,"PIBF1"
"PIEZO2",2,"PIEZO2"
"PIH1D2",2,"PIH1D2"
"PIK3C2A",2,"PIK3C2A"
"PIK3C2G",2,"PIK3C2G"
"PIK3CA",2,"PIK3CA"
"PIK3R1",2,"PIK3R1"
"PIKFYVE",2,"PIKFYVE"
"PITX2",2,"PITX2"
"PKD1L1",2,"PKD1L1"
"PKDREJ",2,"PKDREJ"
"PKHD1L1",2,"PKHD1L1"
"PKP4",2,"PKP4"
"PLA2G4E",2,"PLA2G4E"
"PLA2R1",2,"PLA2R1"
"PLCB3",2,"PLCB3"
"PLCH1",2,"PLCH1"
"PLCL1",2,"PLCL1"
"PLEKHA5",2,"PLEKHA5"
"PLEKHG1",2,"PLEKHG1"
"PLEKHG4B",2,"PLEKHG4B"
"PLK2",2,"PLK2"
"PLXNC1",2,"PLXNC1"
"POLR2A",2,"POLR2A"
"POM121L12",2,"POM121L12"
"POTEC",2,"POTEC"
"PPAN-P2RY11",2,"PPAN-P2RY11"
"PPARGC1A",2,"PPARGC1A"
"PPEF1",2,"PPEF1"
"PPL",2,"PPL"
"PPM1B",2,"PPM1B"
"PPP1R13L",2,"PPP1R13L"
"PPP1R9A",2,"PPP1R9A"
"PPP2R1A",2,"PPP2R1A"
"PPP4R2",2,"PPP4R2"
"PPP6R3",2,"PPP6R3"
"PRC1",2,"PRC1"
"PRDM8",2,"PRDM8"
"PRDM9",2,"PRDM9"
"PROS1",2,"PROS1"
"PRPF39",2,"PRPF39"
"PRPF6",2,"PRPF6"
"PRSS57",2,"PRSS57"
"PSG8",2,"PSG8"
"PSMD8",2,"PSMD8"
"PTCD2",2,"PTCD2"
"PTCHD2",2,"PTCHD2"
"PTEN",2,"PTEN"
"PTGER3",2,"PTGER3"
"PTPN13",2,"PTPN13"
"PTPN22",2,"PTPN22"
"PTPRO",2,"PTPRO"
"PTPRR",2,"PTPRR"
"PTPRS",2,"PTPRS"
"PUM2",2,"PUM2"
"PURA",2,"PURA"
"R3HCC1L",2,"R3HCC1L"
"RAB27A",2,"RAB27A"
"RAB3GAP1",2,"RAB3GAP1"
"RABGAP1",2,"RABGAP1"
"RACGAP1",2,"RACGAP1"
"RAI1",2,"RAI1"
"RAI14",2,"RAI14"
"RALGAPB",2,"RALGAPB"
"RAPGEF1",2,"RAPGEF1"
"RARS",2,"RARS"
"RASA1",2,"RASA1"
"RASGRF2",2,"RASGRF2"
"RB1",2,"RB1"
"RBFA",2,"RBFA"
"RBM12B",2,"RBM12B"
"RBM17",2,"RBM17"
"RBM5",2,"RBM5"
"RBM6",2,"RBM6"
"RECK",2,"RECK"
"REST",2,"REST"
"RET",2,"RET"
"RFPL1",2,"RFPL1"
"RGS22",2,"RGS22"
"RHOQ",2,"RHOQ"
"RIC1",2,"RIC1"
"RICTOR",2,"RICTOR"
"RIMS1",2,"RIMS1"
"RIOK1",2,"RIOK1"
"RIOK2",2,"RIOK2"
"RLF",2,"RLF"
"RNF113A",2,"RNF113A"
"RNF128",2,"RNF128"
"RNF19B",2,"RNF19B"
"RNF216",2,"RNF216"
"RSF1",2,"RSF1"
"RSPH4A",2,"RSPH4A"
"RSPH6A",2,"RSPH6A"
"RTF1",2,"RTF1"
"RTN4",2,"RTN4"
"RYK",2,"RYK"
"SAMD15",2,"SAMD15"
"SAMD9L",2,"SAMD9L"
"SBF1",2,"SBF1"
"SBNO1",2,"SBNO1"
"SCAF1",2,"SCAF1"
"SCN10A",2,"SCN10A"
"SCN1A",2,"SCN1A"
"SCN2A",2,"SCN2A"
"SEC62",2,"SEC62"
"SENP2",2,"SENP2"
"SENP6",2,"SENP6"
"SERPINB4",2,"SERPINB4"
"SETBP1",2,"SETBP1"
"SETD2",2,"SETD2"
"SEZ6L",2,"SEZ6L"
"SF3B1",2,"SF3B1"
"SH3D19",2,"SH3D19"
"SH3PXD2A",2,"SH3PXD2A"
"SHROOM2",2,"SHROOM2"
"SIGLEC12",2,"SIGLEC12"
"SIKE1",2,"SIKE1"
"SLC12A4",2,"SLC12A4"
"SLC13A1",2,"SLC13A1"
"SLC16A4",2,"SLC16A4"
"SLC1A6",2,"SLC1A6"
"SLC25A45",2,"SLC25A45"
"SLC35B1",2,"SLC35B1"
"SLC38A4",2,"SLC38A4"
"SLC39A12",2,"SLC39A12"
"SLC39A2",2,"SLC39A2"
"SLC39A7",2,"SLC39A7"
"SLC5A2",2,"SLC5A2"
"SLC6A8",2,"SLC6A8"
"SLC9C1",2,"SLC9C1"
"SLCO2B1",2,"SLCO2B1"
"SLFN5",2,"SLFN5"
"SLIT3",2,"SLIT3"
"SLITRK3",2,"SLITRK3"
"SMARCA5",2,"SMARCA5"
"SMARCC2",2,"SMARCC2"
"SMC1A",2,"SMC1A"
"SMC2",2,"SMC2"
"SMG7",2,"SMG7"
"SMURF1",2,"SMURF1"
"SNAI2",2,"SNAI2"
"SNRK",2,"SNRK"
"SNX16",2,"SNX16"
"SNX29",2,"SNX29"
"SOAT1",2,"SOAT1"
"SOCS4",2,"SOCS4"
"SORCS3",2,"SORCS3"
"SORL1",2,"SORL1"
"SOS1",2,"SOS1"
"SP4",2,"SP4"
"SPAG16",2,"SPAG16"
"SPAG5",2,"SPAG5"
"SPDL1",2,"SPDL1"
"SPIN2B",2,"SPIN2B"
"SPON2",2,"SPON2"
"SPPL3",2,"SPPL3"
"SPTBN2",2,"SPTBN2"
"SPZ1",2,"SPZ1"
"SQLE",2,"SQLE"
"SRCAP",2,"SRCAP"
"SRGAP1",2,"SRGAP1"
"SRRM2",2,"SRRM2"
"SRRT",2,"SRRT"
"ST18",2,"ST18"
"STXBP5L",2,"STXBP5L"
"SULF2",2,"SULF2"
"SUPT20H",2,"SUPT20H"
"SVEP1",2,"SVEP1"
"SYCP2L",2,"SYCP2L"
"SYNPO2",2,"SYNPO2"
"SYTL3",2,"SYTL3"
"SZT2",2,"SZT2"
"TAAR5",2,"TAAR5"
"TAB3",2,"TAB3"
"TACR3",2,"TACR3"
"TAF1",2,"TAF1"
"TAF1L",2,"TAF1L"
"TAF2",2,"TAF2"
"TAOK3",2,"TAOK3"
"TARBP1",2,"TARBP1"
"TARS",2,"TARS"
"TAX1BP1",2,"TAX1BP1"
"TBC1D2",2,"TBC1D2"
"TBC1D31",2,"TBC1D31"
"TBC1D7",2,"TBC1D7"
"TBC1D8B",2,"TBC1D8B"
"TBC1D9",2,"TBC1D9"
"TBCCD1",2,"TBCCD1"
"TBK1",2,"TBK1"
"TBL2",2,"TBL2"
"TBX18",2,"TBX18"
"TCN2",2,"TCN2"
"TCTN2",2,"TCTN2"
"TEAD1",2,"TEAD1"
"TECPR2",2,"TECPR2"
"TEFM",2,"TEFM"
"TEK",2,"TEK"
"TENM2",2,"TENM2"
"TERT",2,"TERT"
"TET1",2,"TET1"
"TFE3",2,"TFE3"
"THBS2",2,"THBS2"
"THSD7B",2,"THSD7B"
"TIAM2",2,"TIAM2"
"TIMELESS",2,"TIMELESS"
"TK1",2,"TK1"
"TLN2",2,"TLN2"
"TLR2",2,"TLR2"
"TLR7",2,"TLR7"
"TLR8",2,"TLR8"
"TM7SF2",2,"TM7SF2"
"TM9SF4",2,"TM9SF4"
"TMC1",2,"TMC1"
"TMCC1",2,"TMCC1"
"TMEM131",2,"TMEM131"
"TMEM143",2,"TMEM143"
"TMEM2",2,"TMEM2"
"TMEM26",2,"TMEM26"
"TMSB15A",2,"TMSB15A"
"TMX1",2,"TMX1"
"TNC",2,"TNC"
"TNIK",2,"TNIK"
"TNRC6B",2,"TNRC6B"
"TOPBP1",2,"TOPBP1"
"TOR3A",2,"TOR3A"
"TP53",2,"TP53"
"TP53BP1",2,"TP53BP1"
"TP73",2,"TP73"
"TPBG",2,"TPBG"
"TRAFD1",2,"TRAFD1"
"TRHDE",2,"TRHDE"
"TRIM24",2,"TRIM24"
"TRIM26",2,"TRIM26"
"TRIO",2,"TRIO"
"TRIP11",2,"TRIP11"
"TRMT10C",2,"TRMT10C"
"TRPA1",2,"TRPA1"
"TRPM7",2,"TRPM7"
"TRPS1",2,"TRPS1"
"TTC39C",2,"TTC39C"
"TTF2",2,"TTF2"
"TTK",2,"TTK"
"TTLL4",2,"TTLL4"
"TTLL5",2,"TTLL5"
"TTLL7",2,"TTLL7"
"TULP2",2,"TULP2"
"UBQLN3",2,"UBQLN3"
"UBR1",2,"UBR1"
"UBR4",2,"UBR4"
"UBXN2B",2,"UBXN2B"
"UGT2B7",2,"UGT2B7"
"ULK3",2,"ULK3"
"UPF3B",2,"UPF3B"
"UQCRC1",2,"UQCRC1"
"URGCP",2,"URGCP"
"USP24",2,"USP24"
"USP6",2,"USP6"
"USP9Y",2,"USP9Y"
"VAPA",2,"VAPA"
"VCAM1",2,"VCAM1"
"VCAN",2,"VCAN"
"VCL",2,"VCL"
"VWA2",2,"VWA2"
"VWA8",2,"VWA8"
"WDR17",2,"WDR17"
"WDR35",2,"WDR35"
"WDR47",2,"WDR47"
"WDR49",2,"WDR49"
"WDR7",2,"WDR7"
"WRN",2,"WRN"
"XRCC6BP1",2,"XRCC6BP1"
"XRN1",2,"XRN1"
"XXbac-BPG116M5.17",2,"XXbac-BPG116M5.17"
"YES1",2,"YES1"
"YTHDC2",2,"YTHDC2"
"ZBED9",2,"ZBED9"
"ZBTB22",2,"ZBTB22"
"ZC3H4",2,"ZC3H4"
"ZC3H7A",2,"ZC3H7A"
"ZDBF2",2,"ZDBF2"
"ZEB2",2,"ZEB2"
"ZFC3H1",2,"ZFC3H1"
"ZFP2",2,"ZFP2"
"ZFP36",2,"ZFP36"
"ZFP36L2",2,"ZFP36L2"
"ZFYVE16",2,"ZFYVE16"
"ZKSCAN3",2,"ZKSCAN3"
"ZMIZ1",2,"ZMIZ1"
"ZMIZ2",2,"ZMIZ2"
"ZMYM4",2,"ZMYM4"
"ZNF10",2,"ZNF10"
"ZNF106",2,"ZNF106"
"ZNF148",2,"ZNF148"
"ZNF211",2,"ZNF211"
"ZNF234",2,"ZNF234"
"ZNF254",2,"ZNF254"
"ZNF280D",2,"ZNF280D"
"ZNF283",2,"ZNF283"
"ZNF284",2,"ZNF284"
"ZNF311",2,"ZNF311"
"ZNF326",2,"ZNF326"
"ZNF337",2,"ZNF337"
"ZNF345",2,"ZNF345"
"ZNF385D",2,"ZNF385D"
"ZNF467",2,"ZNF467"
"ZNF491",2,"ZNF491"
"ZNF521",2,"ZNF521"
"ZNF528",2,"ZNF528"
"ZNF540",2,"ZNF540"
"ZNF544",2,"ZNF544"
"ZNF560",2,"ZNF560"
"ZNF592",2,"ZNF592"
"ZNF624",2,"ZNF624"
"ZNF644",2,"ZNF644"
"ZNF658",2,"ZNF658"
"ZNF683",2,"ZNF683"
"ZNF711",2,"ZNF711"
"ZNF716",2,"ZNF716"
"ZNF721",2,"ZNF721"
"ZNF763",2,"ZNF763"
"ZNF808",2,"ZNF808"
"ZNRF3",2,"ZNRF3"
"ZSCAN16",2,"ZSCAN16"
"ZSCAN20",2,"ZSCAN20"
"ZW10",2,"ZW10"
"A2M",1,"A2M"
"AAAS",1,"AAAS"
"AACS",1,"AACS"
"AADACL2",1,"AADACL2"
"AASDHPPT",1,"AASDHPPT"
"ABAT",1,"ABAT"
"ABCA10",1,"ABCA10"
"ABCA13",1,"ABCA13"
"ABCA2",1,"ABCA2"
"ABCA6",1,"ABCA6"
"ABCC10",1,"ABCC10"
"ABCD4",1,"ABCD4"
"ABCF1",1,"ABCF1"
"ABHD14A-ACY1",1,"ABHD14A-ACY1"
"ABHD2",1,"ABHD2"
"ABHD6",1,"ABHD6"
"ABL2",1,"ABL2"
"ABLIM1",1,"ABLIM1"
"ABLIM2",1,"ABLIM2"
"ABO",1,"ABO"
"ABR",1,"ABR"
"ABTB2",1,"ABTB2"
"AC004381.6",1,"AC004381.6"
"ACACB",1,"ACACB"
"ACAD11",1,"ACAD11"
"ACAD9",1,"ACAD9"
"ACADL",1,"ACADL"
"ACAN",1,"ACAN"
"ACAP1",1,"ACAP1"
"ACAP2",1,"ACAP2"
"ACBD5",1,"ACBD5"
"ACBD6",1,"ACBD6"
"ACD",1,"ACD"
"ACKR4",1,"ACKR4"
"ACOT7",1,"ACOT7"
"ACSM5",1,"ACSM5"
"ACSS3",1,"ACSS3"
"ACTA1",1,"ACTA1"
"ACTB",1,"ACTB"
"ACTBL2",1,"ACTBL2"
"ACTG1",1,"ACTG1"
"ACTL6B",1,"ACTL6B"
"ACTL9",1,"ACTL9"
"ACTR3B",1,"ACTR3B"
"ACTR6",1,"ACTR6"
"ACVR2A",1,"ACVR2A"
"ACVR2B",1,"ACVR2B"
"ADAM11",1,"ADAM11"
"ADAM12",1,"ADAM12"
"ADAM15",1,"ADAM15"
"ADAM18",1,"ADAM18"
"ADAM2",1,"ADAM2"
"ADAM8",1,"ADAM8"
"ADAMDEC1",1,"ADAMDEC1"
"ADAMTS15",1,"ADAMTS15"
"ADAMTS2",1,"ADAMTS2"
"ADAMTS6",1,"ADAMTS6"
"ADAMTS8",1,"ADAMTS8"
"ADAMTSL1",1,"ADAMTSL1"
"ADAMTSL2",1,"ADAMTSL2"
"ADAMTSL4",1,"ADAMTSL4"
"ADAR",1,"ADAR"
"ADARB1",1,"ADARB1"
"ADARB2",1,"ADARB2"
"ADAT1",1,"ADAT1"
"ADCK1",1,"ADCK1"
"ADCY10",1,"ADCY10"
"ADCY2",1,"ADCY2"
"ADCY7",1,"ADCY7"
"ADD2",1,"ADD2"
"ADGRA1",1,"ADGRA1"
"ADGRA3",1,"ADGRA3"
"ADGRB1",1,"ADGRB1"
"ADGRB2",1,"ADGRB2"
"ADGRD1",1,"ADGRD1"
"ADGRF1",1,"ADGRF1"
"ADGRF3",1,"ADGRF3"
"ADGRF4",1,"ADGRF4"
"ADGRF5",1,"ADGRF5"
"ADGRG5",1,"ADGRG5"
"ADGRG6",1,"ADGRG6"
"ADGRG7",1,"ADGRG7"
"ADH1B",1,"ADH1B"
"ADH4",1,"ADH4"
"ADIPOR1",1,"ADIPOR1"
"ADK",1,"ADK"
"ADM",1,"ADM"
"ADNP",1,"ADNP"
"ADPGK",1,"ADPGK"
"ADPRM",1,"ADPRM"
"ADRA1A",1,"ADRA1A"
"ADRA2B",1,"ADRA2B"
"ADSSL1",1,"ADSSL1"
"AFMID",1,"AFMID"
"AFTPH",1,"AFTPH"
"AGAP5",1,"AGAP5"
"AGAP6",1,"AGAP6"
"AGBL1",1,"AGBL1"
"AGGF1",1,"AGGF1"
"AGL",1,"AGL"
"AGMO",1,"AGMO"
"AGPAT2",1,"AGPAT2"
"AGPAT6",1,"AGPAT6"
"AGPS",1,"AGPS"
"AGR2",1,"AGR2"
"AGXT2",1,"AGXT2"
"AHCYL1",1,"AHCYL1"
"AHNAK",1,"AHNAK"
"AHR",1,"AHR"
"AHRR",1,"AHRR"
"AICDA",1,"AICDA"
"AIFM3",1,"AIFM3"
"AK9",1,"AK9"
"AKAP4",1,"AKAP4"
"AKAP7",1,"AKAP7"
"AKAP8",1,"AKAP8"
"AKNAD1",1,"AKNAD1"
"AKR1D1",1,"AKR1D1"
"AKT3",1,"AKT3"
"ALB",1,"ALB"
"ALCAM",1,"ALCAM"
"ALDH18A1",1,"ALDH18A1"
"ALDH1L1",1,"ALDH1L1"
"ALDH3A2",1,"ALDH3A2"
"ALDH5A1",1,"ALDH5A1"
"ALDH6A1",1,"ALDH6A1"
"ALDOB",1,"ALDOB"
"ALG10B",1,"ALG10B"
"ALG11",1,"ALG11"
"ALG3",1,"ALG3"
"ALG8",1,"ALG8"
"ALK",1,"ALK"
"ALKBH6",1,"ALKBH6"
"ALOX5",1,"ALOX5"
"ALOXE3",1,"ALOXE3"
"ALPK2",1,"ALPK2"
"ALS2",1,"ALS2"
"ALS2CL",1,"ALS2CL"
"ALS2CR11",1,"ALS2CR11"
"ALS2CR12",1,"ALS2CR12"
"ALX3",1,"ALX3"
"AMBN",1,"AMBN"
"AMBP",1,"AMBP"
"AMOTL1",1,"AMOTL1"
"AMOTL2",1,"AMOTL2"
"AMPD3",1,"AMPD3"
"ANAPC2",1,"ANAPC2"
"ANAPC5",1,"ANAPC5"
"ANGEL2",1,"ANGEL2"
"ANGPT1",1,"ANGPT1"
"ANGPTL1",1,"ANGPTL1"
"ANGPTL2",1,"ANGPTL2"
"ANGPTL4",1,"ANGPTL4"
"ANGPTL7",1,"ANGPTL7"
"ANK3",1,"ANK3"
"ANKEF1",1,"ANKEF1"
"ANKH",1,"ANKH"
"ANKHD1-EIF4EBP3",1,"ANKHD1-EIF4EBP3"
"ANKIB1",1,"ANKIB1"
"ANKK1",1,"ANKK1"
"ANKRD11",1,"ANKRD11"
"ANKRD20A1",1,"ANKRD20A1"
"ANKRD20A2",1,"ANKRD20A2"
"ANKRD24",1,"ANKRD24"
"ANKRD28",1,"ANKRD28"
"ANKRD32",1,"ANKRD32"
"ANKRD36",1,"ANKRD36"
"ANKRD42",1,"ANKRD42"
"ANKRD45",1,"ANKRD45"
"ANKRD50",1,"ANKRD50"
"ANKS1B",1,"ANKS1B"
"ANKZF1",1,"ANKZF1"
"ANO2",1,"ANO2"
"ANO3",1,"ANO3"
"ANO5",1,"ANO5"
"ANO6",1,"ANO6"
"ANO8",1,"ANO8"
"ANP32A",1,"ANP32A"
"ANPEP",1,"ANPEP"
"ANTXR2",1,"ANTXR2"
"ANXA3",1,"ANXA3"
"AP2A2",1,"AP2A2"
"AP2B1",1,"AP2B1"
"AP3D1",1,"AP3D1"
"AP3M1",1,"AP3M1"
"AP3M2",1,"AP3M2"
"AP3S1",1,"AP3S1"
"AP4B1",1,"AP4B1"
"APAF1",1,"APAF1"
"APLF",1,"APLF"
"APOA4",1,"APOA4"
"APOBEC1",1,"APOBEC1"
"APOL2",1,"APOL2"
"APOL5",1,"APOL5"
"APOL6",1,"APOL6"
"APPBP2",1,"APPBP2"
"APPL1",1,"APPL1"
"AQP4",1,"AQP4"
"AQP5",1,"AQP5"
"AQP6",1,"AQP6"
"AQP9",1,"AQP9"
"ARAP2",1,"ARAP2"
"ARC",1,"ARC"
"ARFGEF1",1,"ARFGEF1"
"ARFIP1",1,"ARFIP1"
"ARHGAP15",1,"ARHGAP15"
"ARHGAP17",1,"ARHGAP17"
"ARHGAP20",1,"ARHGAP20"
"ARHGAP26",1,"ARHGAP26"
"ARHGAP28",1,"ARHGAP28"
"ARHGAP30",1,"ARHGAP30"
"ARHGAP32",1,"ARHGAP32"
"ARHGAP33",1,"ARHGAP33"
"ARHGAP36",1,"ARHGAP36"
"ARHGAP5",1,"ARHGAP5"
"ARHGEF10",1,"ARHGEF10"
"ARHGEF10L",1,"ARHGEF10L"
"ARHGEF12",1,"ARHGEF12"
"ARHGEF15",1,"ARHGEF15"
"ARHGEF18",1,"ARHGEF18"
"ARHGEF2",1,"ARHGEF2"
"ARHGEF39",1,"ARHGEF39"
"ARHGEF4",1,"ARHGEF4"
"ARHGEF5",1,"ARHGEF5"
"ARHGEF6",1,"ARHGEF6"
"ARHGEF7",1,"ARHGEF7"
"ARID1B",1,"ARID1B"
"ARID3B",1,"ARID3B"
"ARID5A",1,"ARID5A"
"ARL14",1,"ARL14"
"ARMC1",1,"ARMC1"
"ARMC12",1,"ARMC12"
"ARMCX1",1,"ARMCX1"
"ARMCX2",1,"ARMCX2"
"ARMCX3",1,"ARMCX3"
"ARMT1",1,"ARMT1"
"ARRB1",1,"ARRB1"
"ARRDC2",1,"ARRDC2"
"ARRDC4",1,"ARRDC4"
"ARRDC5",1,"ARRDC5"
"ARSF",1,"ARSF"
"ARSG",1,"ARSG"
"ARSH",1,"ARSH"
"ARSK",1,"ARSK"
"ARVCF",1,"ARVCF"
"ARX",1,"ARX"
"ASAP2",1,"ASAP2"
"ASB10",1,"ASB10"
"ASCC3",1,"ASCC3"
"ASH1L",1,"ASH1L"
"ASIC4",1,"ASIC4"
"ASMT",1,"ASMT"
"ASPDH",1,"ASPDH"
"ASRGL1",1,"ASRGL1"
"ASTN2",1,"ASTN2"
"ASXL1",1,"ASXL1"
"ATAD2",1,"ATAD2"
"ATG12",1,"ATG12"
"ATG14",1,"ATG14"
"ATG2A",1,"ATG2A"
"ATG3",1,"ATG3"
"ATIC",1,"ATIC"
"ATMIN",1,"ATMIN"
"ATP10B",1,"ATP10B"
"ATP13A4",1,"ATP13A4"
"ATP1A1",1,"ATP1A1"
"ATP1B4",1,"ATP1B4"
"ATP2A2",1,"ATP2A2"
"ATP2B3",1,"ATP2B3"
"ATP2C1",1,"ATP2C1"
"ATP2C2",1,"ATP2C2"
"ATP5B",1,"ATP5B"
"ATP6V1A",1,"ATP6V1A"
"ATP6V1B2",1,"ATP6V1B2"
"ATP6V1C1",1,"ATP6V1C1"
"ATP7B",1,"ATP7B"
"ATP8B1",1,"ATP8B1"
"ATP8B3",1,"ATP8B3"
"ATP9B",1,"ATP9B"
"ATPAF1",1,"ATPAF1"
"ATXN2",1,"ATXN2"
"ATXN7",1,"ATXN7"
"ATXN7L1",1,"ATXN7L1"
"ATXN7L2",1,"ATXN7L2"
"AUP1",1,"AUP1"
"AUTS2",1,"AUTS2"
"AVP",1,"AVP"
"AXIN1",1,"AXIN1"
"AZGP1",1,"AZGP1"
"B2M",1,"B2M"
"B3GALT5",1,"B3GALT5"
"B3GAT1",1,"B3GAT1"
"B3GNT3",1,"B3GNT3"
"B3GNTL1",1,"B3GNTL1"
"B4GALNT3",1,"B4GALNT3"
"BAAT",1,"BAAT"
"BAG2",1,"BAG2"
"BANK1",1,"BANK1"
"BAZ1A",1,"BAZ1A"
"BAZ1B",1,"BAZ1B"
"BBS7",1,"BBS7"
"BCAN",1,"BCAN"
"BCAP31",1,"BCAP31"
"BCCIP",1,"BCCIP"
"BCKDK",1,"BCKDK"
"BCL11A",1,"BCL11A"
"BCL2L14",1,"BCL2L14"
"BCL6",1,"BCL6"
"BCOR",1,"BCOR"
"BDH2",1,"BDH2"
"BECN1",1,"BECN1"
"BEND2",1,"BEND2"
"BEND3",1,"BEND3"
"BEND4",1,"BEND4"
"BEND6",1,"BEND6"
"BEST3",1,"BEST3"
"BHLHE40",1,"BHLHE40"
"BICC1",1,"BICC1"
"BIRC2",1,"BIRC2"
"BIRC3",1,"BIRC3"
"BLM",1,"BLM"
"BLMH",1,"BLMH"
"BMP1",1,"BMP1"
"BMP2K",1,"BMP2K"
"BMP6",1,"BMP6"
"BMS1",1,"BMS1"
"BNIP1",1,"BNIP1"
"BNIPL",1,"BNIPL"
"BOC",1,"BOC"
"BOLL",1,"BOLL"
"BPI",1,"BPI"
"BPIFB6",1,"BPIFB6"
"BPIFC",1,"BPIFC"
"BRD3",1,"BRD3"
"BRD4",1,"BRD4"
"BRD7",1,"BRD7"
"BRD8",1,"BRD8"
"BRDT",1,"BRDT"
"BRF2",1,"BRF2"
"BRIP1",1,"BRIP1"
"BRIX1",1,"BRIX1"
"BRWD3",1,"BRWD3"
"BSG",1,"BSG"
"BTBD3",1,"BTBD3"
"BTBD6",1,"BTBD6"
"BTBD7",1,"BTBD7"
"BTN2A1",1,"BTN2A1"
"BZRAP1",1,"BZRAP1"
"C10orf11",1,"C10orf11"
"C10orf62",1,"C10orf62"
"C10orf71",1,"C10orf71"
"C10orf76",1,"C10orf76"
"C11orf58",1,"C11orf58"
"C11orf63",1,"C11orf63"
"C11orf70",1,"C11orf70"
"C11orf74",1,"C11orf74"
"C12orf40",1,"C12orf40"
"C14orf166",1,"C14orf166"
"C14orf183",1,"C14orf183"
"C14orf79",1,"C14orf79"
"C15orf39",1,"C15orf39"
"C15orf57",1,"C15orf57"
"C16orf46",1,"C16orf46"
"C16orf58",1,"C16orf58"
"C16orf91",1,"C16orf91"
"C17orf59",1,"C17orf59"
"C19orf35",1,"C19orf35"
"C19orf52",1,"C19orf52"
"C19orf57",1,"C19orf57"
"C1orf101",1,"C1orf101"
"C1orf112",1,"C1orf112"
"C1orf141",1,"C1orf141"
"C1orf210",1,"C1orf210"
"C1orf27",1,"C1orf27"
"C1orf74",1,"C1orf74"
"C1QL4",1,"C1QL4"
"C20orf141",1,"C20orf141"
"C21orf2",1,"C21orf2"
"C2CD5",1,"C2CD5"
"C2orf15",1,"C2orf15"
"C2orf44",1,"C2orf44"
"C2orf83",1,"C2orf83"
"C3",1,"C3"
"C3AR1",1,"C3AR1"
"C3orf62",1,"C3orf62"
"C4A",1,"C4A"
"C4orf22",1,"C4orf22"
"C4orf33",1,"C4orf33"
"C5",1,"C5"
"C6orf203",1,"C6orf203"
"C6orf47",1,"C6orf47"
"C7",1,"C7"
"C7orf33",1,"C7orf33"
"C7orf57",1,"C7orf57"
"C8orf34",1,"C8orf34"
"C8orf46",1,"C8orf46"
"C8orf58",1,"C8orf58"
"C9",1,"C9"
"C9orf152",1,"C9orf152"
"C9orf47",1,"C9orf47"
"C9orf50",1,"C9orf50"
"C9orf72",1,"C9orf72"
"CAB39L",1,"CAB39L"
"CACHD1",1,"CACHD1"
"CACNA1C",1,"CACNA1C"
"CACNA1D",1,"CACNA1D"
"CACNA1H",1,"CACNA1H"
"CACNA1S",1,"CACNA1S"
"CACNA2D1",1,"CACNA2D1"
"CACNA2D3",1,"CACNA2D3"
"CACNG8",1,"CACNG8"
"CACTIN",1,"CACTIN"
"CACUL1",1,"CACUL1"
"CAD",1,"CAD"
"CADM1",1,"CADM1"
"CADPS2",1,"CADPS2"
"CALCB",1,"CALCB"
"CALCR",1,"CALCR"
"CALCRL",1,"CALCRL"
"CALD1",1,"CALD1"
"CALHM2",1,"CALHM2"
"CAMK2A",1,"CAMK2A"
"CAMKK2",1,"CAMKK2"
"CAMKV",1,"CAMKV"
"CAMP",1,"CAMP"
"CAP2",1,"CAP2"
"CAPN13",1,"CAPN13"
"CAPN15",1,"CAPN15"
"CAPN9",1,"CAPN9"
"CAPZA3",1,"CAPZA3"
"CARD6",1,"CARD6"
"CARF",1,"CARF"
"CARHSP1",1,"CARHSP1"
"CASC10",1,"CASC10"
"CASK",1,"CASK"
"CASKIN1",1,"CASKIN1"
"CASKIN2",1,"CASKIN2"
"CASP10",1,"CASP10"
"CASP14",1,"CASP14"
"CASP5",1,"CASP5"
"CASP6",1,"CASP6"
"CASP8AP2",1,"CASP8AP2"
"CAST",1,"CAST"
"CATSPERD",1,"CATSPERD"
"CATSPERG",1,"CATSPERG"
"CBFA2T2",1,"CBFA2T2"
"CBLB",1,"CBLB"
"CBR1",1,"CBR1"
"CBWD1",1,"CBWD1"
"CBWD3",1,"CBWD3"
"CBX5",1,"CBX5"
"CBX6",1,"CBX6"
"CC2D1A",1,"CC2D1A"
"CC2D2A",1,"CC2D2A"
"CCAR1",1,"CCAR1"
"CCAR2",1,"CCAR2"
"CCDC110",1,"CCDC110"
"CCDC112",1,"CCDC112"
"CCDC122",1,"CCDC122"
"CCDC132",1,"CCDC132"
"CCDC14",1,"CCDC14"
"CCDC144A",1,"CCDC144A"
"CCDC148",1,"CCDC148"
"CCDC155",1,"CCDC155"
"CCDC18",1,"CCDC18"
"CCDC181",1,"CCDC181"
"CCDC24",1,"CCDC24"
"CCDC27",1,"CCDC27"
"CCDC28A",1,"CCDC28A"
"CCDC38",1,"CCDC38"
"CCDC42",1,"CCDC42"
"CCDC62",1,"CCDC62"
"CCDC63",1,"CCDC63"
"CCDC67",1,"CCDC67"
"CCDC68",1,"CCDC68"
"CCDC73",1,"CCDC73"
"CCDC80",1,"CCDC80"
"CCDC82",1,"CCDC82"
"CCDC88A",1,"CCDC88A"
"CCDC97",1,"CCDC97"
"CCER1",1,"CCER1"
"CCKAR",1,"CCKAR"
"CCL23",1,"CCL23"
"CCNJ",1,"CCNJ"
"CCPG1",1,"CCPG1"
"CCRN4L",1,"CCRN4L"
"CCT2",1,"CCT2"
"CCT5",1,"CCT5"
"CCT6B",1,"CCT6B"
"CD101",1,"CD101"
"CD109",1,"CD109"
"CD163L1",1,"CD163L1"
"CD180",1,"CD180"
"CD200R1L",1,"CD200R1L"
"CD248",1,"CD248"
"CD3D",1,"CD3D"
"CD3G",1,"CD3G"
"CD40LG",1,"CD40LG"
"CD46",1,"CD46"
"CD5",1,"CD5"
"CD84",1,"CD84"
"CD93",1,"CD93"
"CDAN1",1,"CDAN1"
"CDC42BPB",1,"CDC42BPB"
"CDC7",1,"CDC7"
"CDH10",1,"CDH10"
"CDH11",1,"CDH11"
"CDH12",1,"CDH12"
"CDH13",1,"CDH13"
"CDH17",1,"CDH17"
"CDH19",1,"CDH19"
"CDH26",1,"CDH26"
"CDH4",1,"CDH4"
"CDH6",1,"CDH6"
"CDHR1",1,"CDHR1"
"CDHR2",1,"CDHR2"
"CDHR3",1,"CDHR3"
"CDK11A",1,"CDK11A"
"CDK12",1,"CDK12"
"CDK13",1,"CDK13"
"CDKL5",1,"CDKL5"
"CDKN1A",1,"CDKN1A"
"CDKN2A",1,"CDKN2A"
"CDR2",1,"CDR2"
"CDS2",1,"CDS2"
"CDV3",1,"CDV3"
"CEACAM4",1,"CEACAM4"
"CELF2",1,"CELF2"
"CELF5",1,"CELF5"
"CELSR3",1,"CELSR3"
"CENPE",1,"CENPE"
"CENPI",1,"CENPI"
"CENPT",1,"CENPT"
"CENPW",1,"CENPW"
"CEP126",1,"CEP126"
"CEP152",1,"CEP152"
"CEP57",1,"CEP57"
"CEP57L1",1,"CEP57L1"
"CEP68",1,"CEP68"
"CEP83",1,"CEP83"
"CEP85",1,"CEP85"
"CEP85L",1,"CEP85L"
"CEP89",1,"CEP89"
"CERKL",1,"CERKL"
"CES1",1,"CES1"
"CES5A",1,"CES5A"
"CFAP43",1,"CFAP43"
"CFAP44",1,"CFAP44"
"CFAP45",1,"CFAP45"
"CFAP57",1,"CFAP57"
"CFAP74",1,"CFAP74"
"CFHR5",1,"CFHR5"
"CFTR",1,"CFTR"
"CGB1",1,"CGB1"
"CGN",1,"CGN"
"CGNL1",1,"CGNL1"
"CHAF1A",1,"CHAF1A"
"CHAF1B",1,"CHAF1B"
"CHCHD1",1,"CHCHD1"
"CHCHD2",1,"CHCHD2"
"CHD1",1,"CHD1"
"CHD6",1,"CHD6"
"CHD7",1,"CHD7"
"CHD9",1,"CHD9"
"CHEK1",1,"CHEK1"
"CHGB",1,"CHGB"
"CHIC1",1,"CHIC1"
"CHIC2",1,"CHIC2"
"CHN1",1,"CHN1"
"CHP1",1,"CHP1"
"CHRDL1",1,"CHRDL1"
"CHRM3",1,"CHRM3"
"CHRNA2",1,"CHRNA2"
"CHRNA3",1,"CHRNA3"
"CHST10",1,"CHST10"
"CHST8",1,"CHST8"
"CHSY3",1,"CHSY3"
"CIDEA",1,"CIDEA"
"CILP2",1,"CILP2"
"CIR1",1,"CIR1"
"CIT",1,"CIT"
"CKAP2L",1,"CKAP2L"
"CKAP5",1,"CKAP5"
"CLASP2",1,"CLASP2"
"CLCA4",1,"CLCA4"
"CLCN2",1,"CLCN2"
"CLCN5",1,"CLCN5"
"CLDN14",1,"CLDN14"
"CLDN18",1,"CLDN18"
"CLDN6",1,"CLDN6"
"CLDN7",1,"CLDN7"
"CLEC12B",1,"CLEC12B"
"CLEC2B",1,"CLEC2B"
"CLEC3A",1,"CLEC3A"
"CLIC2",1,"CLIC2"
"CLIC5",1,"CLIC5"
"CLIC6",1,"CLIC6"
"CLINT1",1,"CLINT1"
"CLIP2",1,"CLIP2"
"CLK1",1,"CLK1"
"CLK4",1,"CLK4"
"CLRN3",1,"CLRN3"
"CLSTN2",1,"CLSTN2"
"CLUH",1,"CLUH"
"CLVS1",1,"CLVS1"
"CMTR1",1,"CMTR1"
"CMYA5",1,"CMYA5"
"CNGA3",1,"CNGA3"
"CNGA4",1,"CNGA4"
"CNGB1",1,"CNGB1"
"CNGB3",1,"CNGB3"
"CNIH2",1,"CNIH2"
"CNIH4",1,"CNIH4"
"CNKSR1",1,"CNKSR1"
"CNN2",1,"CNN2"
"CNNM1",1,"CNNM1"
"CNNM4",1,"CNNM4"
"CNOT2",1,"CNOT2"
"CNPY4",1,"CNPY4"
"CNRIP1",1,"CNRIP1"
"CNST",1,"CNST"
"CNTF",1,"CNTF"
"CNTN1",1,"CNTN1"
"CNTN4",1,"CNTN4"
"CNTNAP2",1,"CNTNAP2"
"CNTNAP4",1,"CNTNAP4"
"CNTNAP5",1,"CNTNAP5"
"CNTRL",1,"CNTRL"
"COBL",1,"COBL"
"COG3",1,"COG3"
"COG4",1,"COG4"
"COG8",1,"COG8"
"COIL",1,"COIL"
"COL10A1",1,"COL10A1"
"COL14A1",1,"COL14A1"
"COL15A1",1,"COL15A1"
"COL19A1",1,"COL19A1"
"COL20A1",1,"COL20A1"
"COL2A1",1,"COL2A1"
"COL4A1",1,"COL4A1"
"COL4A2",1,"COL4A2"
"COL4A3BP",1,"COL4A3BP"
"COL4A5",1,"COL4A5"
"COL4A6",1,"COL4A6"
"COL8A1",1,"COL8A1"
"COL8A2",1,"COL8A2"
"COL9A2",1,"COL9A2"
"COL9A3",1,"COL9A3"
"COPB1",1,"COPB1"
"COPG1",1,"COPG1"
"COPG2",1,"COPG2"
"COPS4",1,"COPS4"
"CORO7",1,"CORO7"
"COX20",1,"COX20"
"COX7B",1,"COX7B"
"CPE",1,"CPE"
"CPEB4",1,"CPEB4"
"CPM",1,"CPM"
"CPNE1",1,"CPNE1"
"CPNE3",1,"CPNE3"
"CPNE8",1,"CPNE8"
"CPOX",1,"CPOX"
"CPSF3",1,"CPSF3"
"CPSF6",1,"CPSF6"
"CPT1C",1,"CPT1C"
"CPZ",1,"CPZ"
"CR1",1,"CR1"
"CR2",1,"CR2"
"CRACR2A",1,"CRACR2A"
"CRB1",1,"CRB1"
"CREBBP",1,"CREBBP"
"CREBZF",1,"CREBZF"
"CRHR1",1,"CRHR1"
"CRIPAK",1,"CRIPAK"
"CRISP2",1,"CRISP2"
"CRISPLD2",1,"CRISPLD2"
"CRMP1",1,"CRMP1"
"CRP",1,"CRP"
"CRTC2",1,"CRTC2"
"CRTC3",1,"CRTC3"
"CRY1",1,"CRY1"
"CRYL1",1,"CRYL1"
"CRYM",1,"CRYM"
"CSDE1",1,"CSDE1"
"CSF2RA",1,"CSF2RA"
"CSF2RB",1,"CSF2RB"
"CSF3R",1,"CSF3R"
"CSGALNACT2",1,"CSGALNACT2"
"CSNK1E",1,"CSNK1E"
"CSNK1G1",1,"CSNK1G1"
"CSNK2A1",1,"CSNK2A1"
"CSPG4",1,"CSPG4"
"CSRNP1",1,"CSRNP1"
"CSRNP2",1,"CSRNP2"
"CSRP2BP",1,"CSRP2BP"
"CST6",1,"CST6"
"CT47B1",1,"CT47B1"
"CTAGE4",1,"CTAGE4"
"CTBP2",1,"CTBP2"
"CTCF",1,"CTCF"
"CTCFL",1,"CTCFL"
"CTDP1",1,"CTDP1"
"CTNNAL1",1,"CTNNAL1"
"CTNND1",1,"CTNND1"
"CTPS1",1,"CTPS1"
"CTPS2",1,"CTPS2"
"CTR9",1,"CTR9"
"CTSH",1,"CTSH"
"CTSO",1,"CTSO"
"CUBN",1,"CUBN"
"CUEDC1",1,"CUEDC1"
"CUL2",1,"CUL2"
"CUL3",1,"CUL3"
"CUL9",1,"CUL9"
"CWC15",1,"CWC15"
"CWC22",1,"CWC22"
"CXCL13",1,"CXCL13"
"CXCR1",1,"CXCR1"
"CXorf38",1,"CXorf38"
"CXorf65",1,"CXorf65"
"CXorf66",1,"CXorf66"
"CYB5R2",1,"CYB5R2"
"CYB5RL",1,"CYB5RL"
"CYC1",1,"CYC1"
"CYLD",1,"CYLD"
"CYP11B1",1,"CYP11B1"
"CYP19A1",1,"CYP19A1"
"CYP20A1",1,"CYP20A1"
"CYP27B1",1,"CYP27B1"
"CYP2A13",1,"CYP2A13"
"CYP2C19",1,"CYP2C19"
"CYP2C8",1,"CYP2C8"
"CYP2E1",1,"CYP2E1"
"CYP4F11",1,"CYP4F11"
"CYP7A1",1,"CYP7A1"
"CYTH1",1,"CYTH1"
"CYTH2",1,"CYTH2"
"CYTH4",1,"CYTH4"
"DAB1",1,"DAB1"
"DACH1",1,"DACH1"
"DAGLA",1,"DAGLA"
"DAP3",1,"DAP3"
"DAPK1",1,"DAPK1"
"DBH",1,"DBH"
"DBT",1,"DBT"
"DCAF12",1,"DCAF12"
"DCAF13",1,"DCAF13"
"DCAF16",1,"DCAF16"
"DCAF17",1,"DCAF17"
"DCAF4L1",1,"DCAF4L1"
"DCAF6",1,"DCAF6"
"DCAF8L1",1,"DCAF8L1"
"DCAF8L2",1,"DCAF8L2"
"DCAKD",1,"DCAKD"
"DCBLD1",1,"DCBLD1"
"DCDC2",1,"DCDC2"
"DCHS1",1,"DCHS1"
"DCHS2",1,"DCHS2"
"DCLK2",1,"DCLK2"
"DCLRE1A",1,"DCLRE1A"
"DCLRE1B",1,"DCLRE1B"
"DCLRE1C",1,"DCLRE1C"
"DCP1A",1,"DCP1A"
"DCST2",1,"DCST2"
"DDHD2",1,"DDHD2"
"DDI2",1,"DDI2"
"DDIT4",1,"DDIT4"
"DDX1",1,"DDX1"
"DDX18",1,"DDX18"
"DDX23",1,"DDX23"
"DDX28",1,"DDX28"
"DDX39A",1,"DDX39A"
"DDX3Y",1,"DDX3Y"
"DDX4",1,"DDX4"
"DDX43",1,"DDX43"
"DDX58",1,"DDX58"
"DEAF1",1,"DEAF1"
"DECR2",1,"DECR2"
"DEFB118",1,"DEFB118"
"DEGS1",1,"DEGS1"
"DEGS2",1,"DEGS2"
"DENND4B",1,"DENND4B"
"DENND4C",1,"DENND4C"
"DENND5A",1,"DENND5A"
"DENND6A",1,"DENND6A"
"DEPDC1",1,"DEPDC1"
"DEPDC5",1,"DEPDC5"
"DERL1",1,"DERL1"
"DERL2",1,"DERL2"
"DGAT2L6",1,"DGAT2L6"
"DGKA",1,"DGKA"
"DGKG",1,"DGKG"
"DGKQ",1,"DGKQ"
"DHCR24",1,"DHCR24"
"DHH",1,"DHH"
"DHX16",1,"DHX16"
"DHX36",1,"DHX36"
"DHX37",1,"DHX37"
"DHX38",1,"DHX38"
"DHX57",1,"DHX57"
"DIAPH2",1,"DIAPH2"
"DIDO1",1,"DIDO1"
"DIEXF",1,"DIEXF"
"DIO1",1,"DIO1"
"DIP2C",1,"DIP2C"
"DIS3",1,"DIS3"
"DIS3L",1,"DIS3L"
"DISC1",1,"DISC1"
"DISP1",1,"DISP1"
"DLC1",1,"DLC1"
"DLEC1",1,"DLEC1"
"DLG1",1,"DLG1"
"DLG3",1,"DLG3"
"DLGAP2",1,"DLGAP2"
"DMBT1",1,"DMBT1"
"DMD",1,"DMD"
"DMPK",1,"DMPK"
"DMRTB1",1,"DMRTB1"
"DMTF1",1,"DMTF1"
"DNAAF2",1,"DNAAF2"
"DNAH11",1,"DNAH11"
"DNAH5",1,"DNAH5"
"DNAI2",1,"DNAI2"
"DNAJB11",1,"DNAJB11"
"DNAJB9",1,"DNAJB9"
"DNAJC12",1,"DNAJC12"
"DNAJC14",1,"DNAJC14"
"DNAJC16",1,"DNAJC16"
"DNAJC17",1,"DNAJC17"
"DNAJC25",1,"DNAJC25"
"DNAJC5G",1,"DNAJC5G"
"DNALI1",1,"DNALI1"
"DNHD1",1,"DNHD1"
"DNM3",1,"DNM3"
"DNMT1",1,"DNMT1"
"DNTTIP2",1,"DNTTIP2"
"DOCK3",1,"DOCK3"
"DOCK4",1,"DOCK4"
"DOK1",1,"DOK1"
"DOK5",1,"DOK5"
"DOK6",1,"DOK6"
"DPF1",1,"DPF1"
"DPF3",1,"DPF3"
"DPH1",1,"DPH1"
"DPP3",1,"DPP3"
"DPP8",1,"DPP8"
"DPY19L1",1,"DPY19L1"
"DPY19L2",1,"DPY19L2"
"DPY19L4",1,"DPY19L4"
"DRAM1",1,"DRAM1"
"DRG1",1,"DRG1"
"DRP2",1,"DRP2"
"DSC2",1,"DSC2"
"DSC3",1,"DSC3"
"DSP",1,"DSP"
"DSPP",1,"DSPP"
"DTNA",1,"DTNA"
"DTNB",1,"DTNB"
"DTWD1",1,"DTWD1"
"DTX1",1,"DTX1"
"DTYMK",1,"DTYMK"
"DUSP13",1,"DUSP13"
"DUSP19",1,"DUSP19"
"DUSP27",1,"DUSP27"
"DUSP5",1,"DUSP5"
"DYNC1I1",1,"DYNC1I1"
"DYNC1LI2",1,"DYNC1LI2"
"DYNC2H1",1,"DYNC2H1"
"DYNLL1",1,"DYNLL1"
"DYNLT3",1,"DYNLT3"
"DYRK3",1,"DYRK3"
"DYX1C1",1,"DYX1C1"
"DZIP1",1,"DZIP1"
"E2F3",1,"E2F3"
"E4F1",1,"E4F1"
"EBAG9",1,"EBAG9"
"EBF1",1,"EBF1"
"EBPL",1,"EBPL"
"ECE2",1,"ECE2"
"ECEL1",1,"ECEL1"
"ECHDC2",1,"ECHDC2"
"ECM2",1,"ECM2"
"ECSIT",1,"ECSIT"
"ECT2L",1,"ECT2L"
"EDDM3B",1,"EDDM3B"
"EDEM1",1,"EDEM1"
"EDEM3",1,"EDEM3"
"EDNRA",1,"EDNRA"
"EDRF1",1,"EDRF1"
"EEA1",1,"EEA1"
"EED",1,"EED"
"EEF1A1",1,"EEF1A1"
"EEF1A2",1,"EEF1A2"
"EEF1D",1,"EEF1D"
"EEF2",1,"EEF2"
"EFCAB1",1,"EFCAB1"
"EFCAB14",1,"EFCAB14"
"EFCAB6",1,"EFCAB6"
"EFS",1,"EFS"
"EFTUD2",1,"EFTUD2"
"EGFL6",1,"EGFL6"
"EGFLAM",1,"EGFLAM"
"EHBP1",1,"EHBP1"
"EHD1",1,"EHD1"
"EHHADH",1,"EHHADH"
"EID3",1,"EID3"
"EIF2A",1,"EIF2A"
"EIF2S2",1,"EIF2S2"
"EIF3A",1,"EIF3A"
"EIF3B",1,"EIF3B"
"EIF3D",1,"EIF3D"
"EIF3E",1,"EIF3E"
"EIF3G",1,"EIF3G"
"EIF4A2",1,"EIF4A2"
"EIF4G2",1,"EIF4G2"
"EIF5",1,"EIF5"
"EIF5B",1,"EIF5B"
"ELFN2",1,"ELFN2"
"ELK4",1,"ELK4"
"ELL",1,"ELL"
"ELL2",1,"ELL2"
"ELMO1",1,"ELMO1"
"ELOVL7",1,"ELOVL7"
"EMC4",1,"EMC4"
"EMILIN1",1,"EMILIN1"
"EML4",1,"EML4"
"ENG",1,"ENG"
"ENGASE",1,"ENGASE"
"ENKD1",1,"ENKD1"
"ENPP3",1,"ENPP3"
"ENPP6",1,"ENPP6"
"ENPP7",1,"ENPP7"
"ENTPD1",1,"ENTPD1"
"ENTPD7",1,"ENTPD7"
"EP400NL",1,"EP400NL"
"EPB41L1",1,"EPB41L1"
"EPB41L3",1,"EPB41L3"
"EPHA3",1,"EPHA3"
"EPHA5",1,"EPHA5"
"EPHA6",1,"EPHA6"
"EPS15L1",1,"EPS15L1"
"EPS8L1",1,"EPS8L1"
"EPSTI1",1,"EPSTI1"
"EPX",1,"EPX"
"EQTN",1,"EQTN"
"ERAP2",1,"ERAP2"
"ERBB2IP",1,"ERBB2IP"
"ERCC3",1,"ERCC3"
"ERCC6",1,"ERCC6"
"ERCC6L2",1,"ERCC6L2"
"ERF",1,"ERF"
"ERG",1,"ERG"
"ERI1",1,"ERI1"
"ERICH3",1,"ERICH3"
"ERO1L",1,"ERO1L"
"ERVW-1",1,"ERVW-1"
"ESCO1",1,"ESCO1"
"ESF1",1,"ESF1"
"ESPL1",1,"ESPL1"
"ESPN",1,"ESPN"
"ETF1",1,"ETF1"
"ETV1",1,"ETV1"
"ETV5",1,"ETV5"
"EVC",1,"EVC"
"EVL",1,"EVL"
"EXD1",1,"EXD1"
"EXD2",1,"EXD2"
"EXOC2",1,"EXOC2"
"EXOC3L2",1,"EXOC3L2"
"EXOC3L4",1,"EXOC3L4"
"EXOC4",1,"EXOC4"
"EXOC7",1,"EXOC7"
"EXOSC10",1,"EXOSC10"
"EXOSC3",1,"EXOSC3"
"EXT1",1,"EXT1"
"EXTL2",1,"EXTL2"
"EYA3",1,"EYA3"
"EYA4",1,"EYA4"
"EZH1",1,"EZH1"
"EZH2",1,"EZH2"
"EZR",1,"EZR"
"F10",1,"F10"
"F13B",1,"F13B"
"F2RL2",1,"F2RL2"
"F7",1,"F7"
"F8",1,"F8"
"F9",1,"F9"
"FA2H",1,"FA2H"
"FADS6",1,"FADS6"
"FAF2",1,"FAF2"
"FAIM2",1,"FAIM2"
"FAM110C",1,"FAM110C"
"FAM111A",1,"FAM111A"
"FAM114A1",1,"FAM114A1"
"FAM114A2",1,"FAM114A2"
"FAM120C",1,"FAM120C"
"FAM122A",1,"FAM122A"
"FAM122B",1,"FAM122B"
"FAM124B",1,"FAM124B"
"FAM126B",1,"FAM126B"
"FAM131B",1,"FAM131B"
"FAM135A",1,"FAM135A"
"FAM135B",1,"FAM135B"
"FAM13A",1,"FAM13A"
"FAM13C",1,"FAM13C"
"FAM151A",1,"FAM151A"
"FAM153B",1,"FAM153B"
"FAM161A",1,"FAM161A"
"FAM172A",1,"FAM172A"
"FAM175A",1,"FAM175A"
"FAM178A",1,"FAM178A"
"FAM179A",1,"FAM179A"
"FAM179B",1,"FAM179B"
"FAM183B",1,"FAM183B"
"FAM187B",1,"FAM187B"
"FAM196A",1,"FAM196A"
"FAM19A5",1,"FAM19A5"
"FAM208B",1,"FAM208B"
"FAM214B",1,"FAM214B"
"FAM221B",1,"FAM221B"
"FAM222A",1,"FAM222A"
"FAM227B",1,"FAM227B"
"FAM3C",1,"FAM3C"
"FAM47A",1,"FAM47A"
"FAM47E-STBD1",1,"FAM47E-STBD1"
"FAM49A",1,"FAM49A"
"FAM50B",1,"FAM50B"
"FAM53B",1,"FAM53B"
"FAM63B",1,"FAM63B"
"FAM64A",1,"FAM64A"
"FAM72C",1,"FAM72C"
"FAM73A",1,"FAM73A"
"FAM76A",1,"FAM76A"
"FAM76B",1,"FAM76B"
"FAM83B",1,"FAM83B"
"FAM83F",1,"FAM83F"
"FAM84A",1,"FAM84A"
"FAM98C",1,"FAM98C"
"FANCB",1,"FANCB"
"FANCG",1,"FANCG"
"FANCI",1,"FANCI"
"FANCM",1,"FANCM"
"FARP1",1,"FARP1"
"FARSA",1,"FARSA"
"FARSB",1,"FARSB"
"FASN",1,"FASN"
"FASTKD1",1,"FASTKD1"
"FASTKD3",1,"FASTKD3"
"FAT1",1,"FAT1"
"FBLN1",1,"FBLN1"
"FBXL12",1,"FBXL12"
"FBXL2",1,"FBXL2"
"FBXL4",1,"FBXL4"
"FBXL5",1,"FBXL5"
"FBXO10",1,"FBXO10"
"FBXO3",1,"FBXO3"
"FBXO47",1,"FBXO47"
"FBXO7",1,"FBXO7"
"FBXW7",1,"FBXW7"
"FCF1",1,"FCF1"
"FCGR2B",1,"FCGR2B"
"FCGRT",1,"FCGRT"
"FCN2",1,"FCN2"
"FCRL5",1,"FCRL5"
"FECH",1,"FECH"
"FER",1,"FER"
"FER1L6",1,"FER1L6"
"FFAR2",1,"FFAR2"
"FFAR4",1,"FFAR4"
"FGD3",1,"FGD3"
"FGF20",1,"FGF20"
"FGF7",1,"FGF7"
"FGFR2",1,"FGFR2"
"FH",1,"FH"
"FHL2",1,"FHL2"
"FHL3",1,"FHL3"
"FHL5",1,"FHL5"
"FIGNL1",1,"FIGNL1"
"FILIP1",1,"FILIP1"
"FKBP7",1,"FKBP7"
"FKBPL",1,"FKBPL"
"FLOT2",1,"FLOT2"
"FLT3LG",1,"FLT3LG"
"FLT4",1,"FLT4"
"FLVCR1",1,"FLVCR1"
"FLVCR2",1,"FLVCR2"
"FMN2",1,"FMN2"
"FMNL2",1,"FMNL2"
"FMO2",1,"FMO2"
"FMO3",1,"FMO3"
"FN1",1,"FN1"
"FN3KRP",1,"FN3KRP"
"FNBP4",1,"FNBP4"
"FNDC3A",1,"FNDC3A"
"FNDC7",1,"FNDC7"
"FNIP2",1,"FNIP2"
"FNTB",1,"FNTB"
"FOLR2",1,"FOLR2"
"FOLR3",1,"FOLR3"
"FOXD2",1,"FOXD2"
"FOXN2",1,"FOXN2"
"FOXP4",1,"FOXP4"
"FOXR2",1,"FOXR2"
"FPR1",1,"FPR1"
"FREM2",1,"FREM2"
"FRG1",1,"FRG1"
"FRMD4A",1,"FRMD4A"
"FRMD4B",1,"FRMD4B"
"FRMD5",1,"FRMD5"
"FRMPD1",1,"FRMPD1"
"FRS2",1,"FRS2"
"FRS3",1,"FRS3"
"FSCN1",1,"FSCN1"
"FSHR",1,"FSHR"
"FSTL4",1,"FSTL4"
"FUBP3",1,"FUBP3"
"FUT1",1,"FUT1"
"FZD2",1,"FZD2"
"FZD6",1,"FZD6"
"FZR1",1,"FZR1"
"G2E3",1,"G2E3"
"GAB1",1,"GAB1"
"GAB2",1,"GAB2"
"GAB4",1,"GAB4"
"GABBR2",1,"GABBR2"
"GABRA6",1,"GABRA6"
"GABRP",1,"GABRP"
"GABRQ",1,"GABRQ"
"GABRR2",1,"GABRR2"
"GAD2",1,"GAD2"
"GAK",1,"GAK"
"GAL3ST2",1,"GAL3ST2"
"GALC",1,"GALC"
"GALNT13",1,"GALNT13"
"GALNT14",1,"GALNT14"
"GALNT16",1,"GALNT16"
"GALNT18",1,"GALNT18"
"GALNT5",1,"GALNT5"
"GALNT8",1,"GALNT8"
"GAS1",1,"GAS1"
"GAS2L2",1,"GAS2L2"
"GATA5",1,"GATA5"
"GATAD1",1,"GATAD1"
"GATAD2A",1,"GATAD2A"
"GATSL2",1,"GATSL2"
"GBP2",1,"GBP2"
"GBP5",1,"GBP5"
"GCAT",1,"GCAT"
"GCC1",1,"GCC1"
"GCNT4",1,"GCNT4"
"GDF10",1,"GDF10"
"GDF2",1,"GDF2"
"GDI2",1,"GDI2"
"GDPD1",1,"GDPD1"
"GDPD2",1,"GDPD2"
"GFI1",1,"GFI1"
"GFM1",1,"GFM1"
"GFM2",1,"GFM2"
"GFOD1",1,"GFOD1"
"GFPT1",1,"GFPT1"
"GFRA3",1,"GFRA3"
"GGA2",1,"GGA2"
"GGCT",1,"GGCT"
"GGNBP2",1,"GGNBP2"
"GIF",1,"GIF"
"GIMAP4",1,"GIMAP4"
"GIMAP5",1,"GIMAP5"
"GIN1",1,"GIN1"
"GJA1",1,"GJA1"
"GJA9",1,"GJA9"
"GJD2",1,"GJD2"
"GLE1",1,"GLE1"
"GLG1",1,"GLG1"
"GLIS3",1,"GLIS3"
"GLOD4",1,"GLOD4"
"GLTSCR1L",1,"GLTSCR1L"
"GLYATL2",1,"GLYATL2"
"GNG12",1,"GNG12"
"GNG5",1,"GNG5"
"GOLGA1",1,"GOLGA1"
"GOLGA3",1,"GOLGA3"
"GOLGA5",1,"GOLGA5"
"GOLGA8F",1,"GOLGA8F"
"GOLIM4",1,"GOLIM4"
"GON4L",1,"GON4L"
"GOT1",1,"GOT1"
"GOT1L1",1,"GOT1L1"
"GOT2",1,"GOT2"
"GP2",1,"GP2"
"GP5",1,"GP5"
"GPATCH3",1,"GPATCH3"
"GPATCH8",1,"GPATCH8"
"GPC5",1,"GPC5"
"GPC6",1,"GPC6"
"GPD2",1,"GPD2"
"GPM6B",1,"GPM6B"
"GPN1",1,"GPN1"
"GPNMB",1,"GPNMB"
"GPR1",1,"GPR1"
"GPR119",1,"GPR119"
"GPR12",1,"GPR12"
"GPR141",1,"GPR141"
"GPR142",1,"GPR142"
"GPR149",1,"GPR149"
"GPR158",1,"GPR158"
"GPR18",1,"GPR18"
"GPR4",1,"GPR4"
"GPR42",1,"GPR42"
"GPR75",1,"GPR75"
"GPR78",1,"GPR78"
"GPR83",1,"GPR83"
"GPR87",1,"GPR87"
"GPR89A",1,"GPR89A"
"GPRASP1",1,"GPRASP1"
"GPRC5B",1,"GPRC5B"
"GPRC5D",1,"GPRC5D"
"GPRC6A",1,"GPRC6A"
"GPRIN3",1,"GPRIN3"
"GPSM3",1,"GPSM3"
"GPT",1,"GPT"
"GPX8",1,"GPX8"
"GRB10",1,"GRB10"
"GRB2",1,"GRB2"
"GRB7",1,"GRB7"
"GRHL3",1,"GRHL3"
"GRIA1",1,"GRIA1"
"GRIK2",1,"GRIK2"
"GRIK5",1,"GRIK5"
"GRINA",1,"GRINA"
"GRK4",1,"GRK4"
"GRM4",1,"GRM4"
"GRXCR1",1,"GRXCR1"
"GSDMA",1,"GSDMA"
"GSTA2",1,"GSTA2"
"GTF2F2",1,"GTF2F2"
"GTF2H1",1,"GTF2H1"
"GUCA2B",1,"GUCA2B"
"GUCY1B3",1,"GUCY1B3"
"GULP1",1,"GULP1"
"GXYLT2",1,"GXYLT2"
"GYS2",1,"GYS2"
"GZF1",1,"GZF1"
"GZMM",1,"GZMM"
"H1FX",1,"H1FX"
"HAAO",1,"HAAO"
"HACL1",1,"HACL1"
"HAPLN1",1,"HAPLN1"
"HAUS3",1,"HAUS3"
"HAUS6",1,"HAUS6"
"HAUS7",1,"HAUS7"
"HCAR2",1,"HCAR2"
"HCAR3",1,"HCAR3"
"HCCS",1,"HCCS"
"HCST",1,"HCST"
"HDAC8",1,"HDAC8"
"HDAC9",1,"HDAC9"
"HDC",1,"HDC"
"HDGFRP2",1,"HDGFRP2"
"HDGFRP3",1,"HDGFRP3"
"HDLBP",1,"HDLBP"
"HEATR3",1,"HEATR3"
"HEATR5A",1,"HEATR5A"
"HEATR9",1,"HEATR9"
"HEBP1",1,"HEBP1"
"HECW1",1,"HECW1"
"HELB",1,"HELB"
"HELLS",1,"HELLS"
"HEPACAM2",1,"HEPACAM2"
"HEPHL1",1,"HEPHL1"
"HERC1",1,"HERC1"
"HERC3",1,"HERC3"
"HERC5",1,"HERC5"
"HEXA",1,"HEXA"
"HEXB",1,"HEXB"
"HEYL",1,"HEYL"
"HFM1",1,"HFM1"
"HGD",1,"HGD"
"HHEX",1,"HHEX"
"HHLA2",1,"HHLA2"
"HIATL1",1,"HIATL1"
"HINT1",1,"HINT1"
"HIP1R",1,"HIP1R"
"HIPK1",1,"HIPK1"
"HIRIP3",1,"HIRIP3"
"HIST1H2BC",1,"HIST1H2BC"
"HIST1H2BD",1,"HIST1H2BD"
"HIST1H3H",1,"HIST1H3H"
"HIST1H4B",1,"HIST1H4B"
"HIST1H4G",1,"HIST1H4G"
"HIST1H4J",1,"HIST1H4J"
"HIST2H2AC",1,"HIST2H2AC"
"HIST2H3D",1,"HIST2H3D"
"HIVEP2",1,"HIVEP2"
"HJURP",1,"HJURP"
"HLA-DMA",1,"HLA-DMA"
"HLA-DMB",1,"HLA-DMB"
"HLA-DQB1",1,"HLA-DQB1"
"HLA-DRA",1,"HLA-DRA"
"HLX",1,"HLX"
"HMGB1",1,"HMGB1"
"HMGXB4",1,"HMGXB4"
"HMOX2",1,"HMOX2"
"HNRNPA1",1,"HNRNPA1"
"HNRNPA1L2",1,"HNRNPA1L2"
"HNRNPD",1,"HNRNPD"
"HNRNPDL",1,"HNRNPDL"
"HNRNPH2",1,"HNRNPH2"
"HOXA1",1,"HOXA1"
"HOXD12",1,"HOXD12"
"HPD",1,"HPD"
"HPDL",1,"HPDL"
"HPGD",1,"HPGD"
"HPGDS",1,"HPGDS"
"HPN",1,"HPN"
"HPS1",1,"HPS1"
"HPS3",1,"HPS3"
"HPX",1,"HPX"
"HRCT1",1,"HRCT1"
"HRH2",1,"HRH2"
"HS3ST2",1,"HS3ST2"
"HS3ST4",1,"HS3ST4"
"HSD17B10",1,"HSD17B10"
"HSD17B12",1,"HSD17B12"
"HSD17B3",1,"HSD17B3"
"HSD17B6",1,"HSD17B6"
"HSD3B7",1,"HSD3B7"
"HSH2D",1,"HSH2D"
"HSPA12B",1,"HSPA12B"
"HSPA13",1,"HSPA13"
"HSPA1L",1,"HSPA1L"
"HSPA5",1,"HSPA5"
"HSPA8",1,"HSPA8"
"HSPG2",1,"HSPG2"
"HSPH1",1,"HSPH1"
"HTATSF1",1,"HTATSF1"
"HTR3A",1,"HTR3A"
"HTRA2",1,"HTRA2"
"IARS",1,"IARS"
"IARS2",1,"IARS2"
"ICE1",1,"ICE1"
"ICK",1,"ICK"
"ICMT",1,"ICMT"
"ID2",1,"ID2"
"ID4",1,"ID4"
"IDI1",1,"IDI1"
"IDO2",1,"IDO2"
"IDS",1,"IDS"
"IFFO1",1,"IFFO1"
"IFI16",1,"IFI16"
"IFI44L",1,"IFI44L"
"IFIT1B",1,"IFIT1B"
"IFIT3",1,"IFIT3"
"IFNA5",1,"IFNA5"
"IFNAR2",1,"IFNAR2"
"IFNE",1,"IFNE"
"IFNG",1,"IFNG"
"IFNGR1",1,"IFNGR1"
"IFNL1",1,"IFNL1"
"IFNL3",1,"IFNL3"
"IFRD1",1,"IFRD1"
"IFT46",1,"IFT46"
"IFT52",1,"IFT52"
"IGDCC4",1,"IGDCC4"
"IGF2R",1,"IGF2R"
"IGFBP1",1,"IGFBP1"
"IGFBP5",1,"IGFBP5"
"IGFBP7",1,"IGFBP7"
"IGFN1",1,"IGFN1"
"IGHE",1,"IGHE"
"IGHG3",1,"IGHG3"
"IGHV1-46",1,"IGHV1-46"
"IGHV1OR21-1",1,"IGHV1OR21-1"
"IGHV3-35",1,"IGHV3-35"
"IGHV3-53",1,"IGHV3-53"
"IGHV3OR15-7",1,"IGHV3OR15-7"
"IGHV3OR16-8",1,"IGHV3OR16-8"
"IGKV1-27",1,"IGKV1-27"
"IGKV2D-24",1,"IGKV2D-24"
"IGLV2-33",1,"IGLV2-33"
"IGLV8-61",1,"IGLV8-61"
"IGSF22",1,"IGSF22"
"IK",1,"IK"
"IKZF3",1,"IKZF3"
"IL11RA",1,"IL11RA"
"IL12RB2",1,"IL12RB2"
"IL17RB",1,"IL17RB"
"IL18RAP",1,"IL18RAP"
"IL1R1",1,"IL1R1"
"IL1RAPL1",1,"IL1RAPL1"
"IL23R",1,"IL23R"
"IL2RG",1,"IL2RG"
"IL37",1,"IL37"
"IL7",1,"IL7"
"ILDR2",1,"ILDR2"
"INF2",1,"INF2"
"ING1",1,"ING1"
"ING5",1,"ING5"
"INHBC",1,"INHBC"
"INPP1",1,"INPP1"
"INPP5D",1,"INPP5D"
"INPP5F",1,"INPP5F"
"INPP5K",1,"INPP5K"
"INTS1",1,"INTS1"
"INTS10",1,"INTS10"
"INTS9",1,"INTS9"
"IPMK",1,"IPMK"
"IPO11",1,"IPO11"
"IPO9",1,"IPO9"
"IQCB1",1,"IQCB1"
"IQCG",1,"IQCG"
"IQGAP2",1,"IQGAP2"
"IQUB",1,"IQUB"
"IRAK3",1,"IRAK3"
"IREB2",1,"IREB2"
"IRS4",1,"IRS4"
"IRX2",1,"IRX2"
"ISM1",1,"ISM1"
"ITCH",1,"ITCH"
"ITGA1",1,"ITGA1"
"ITGA2",1,"ITGA2"
"ITGA3",1,"ITGA3"
"ITGA6",1,"ITGA6"
"ITGA7",1,"ITGA7"
"ITGA8",1,"ITGA8"
"ITGAD",1,"ITGAD"
"ITGAV",1,"ITGAV"
"ITGAX",1,"ITGAX"
"ITGB2",1,"ITGB2"
"ITPA",1,"ITPA"
"ITPKB",1,"ITPKB"
"ITPR1",1,"ITPR1"
"ITSN2",1,"ITSN2"
"IVNS1ABP",1,"IVNS1ABP"
"IYD",1,"IYD"
"JAK1",1,"JAK1"
"JAKMIP2",1,"JAKMIP2"
"JPH2",1,"JPH2"
"JUN",1,"JUN"
"KAL1",1,"KAL1"
"KALRN",1,"KALRN"
"KANK4",1,"KANK4"
"KANSL2",1,"KANSL2"
"KANSL3",1,"KANSL3"
"KAT2A",1,"KAT2A"
"KAT5",1,"KAT5"
"KAT8",1,"KAT8"
"KBTBD12",1,"KBTBD12"
"KBTBD2",1,"KBTBD2"
"KBTBD3",1,"KBTBD3"
"KBTBD7",1,"KBTBD7"
"KCNA1",1,"KCNA1"
"KCNA4",1,"KCNA4"
"KCNA5",1,"KCNA5"
"KCNA7",1,"KCNA7"
"KCNAB1",1,"KCNAB1"
"KCNC2",1,"KCNC2"
"KCNC4",1,"KCNC4"
"KCNG1",1,"KCNG1"
"KCNG3",1,"KCNG3"
"KCNH1",1,"KCNH1"
"KCNH4",1,"KCNH4"
"KCNH5",1,"KCNH5"
"KCNH7",1,"KCNH7"
"KCNIP1",1,"KCNIP1"
"KCNIP2",1,"KCNIP2"
"KCNIP3",1,"KCNIP3"
"KCNIP4",1,"KCNIP4"
"KCNJ10",1,"KCNJ10"
"KCNJ9",1,"KCNJ9"
"KCNK1",1,"KCNK1"
"KCNK18",1,"KCNK18"
"KCNK6",1,"KCNK6"
"KCNN3",1,"KCNN3"
"KCNQ5",1,"KCNQ5"
"KCNV2",1,"KCNV2"
"KCTD2",1,"KCTD2"
"KCTD3",1,"KCTD3"
"KCTD7",1,"KCTD7"
"KCTD9",1,"KCTD9"
"KDELR3",1,"KDELR3"
"KDM2B",1,"KDM2B"
"KDM4C",1,"KDM4C"
"KDM5A",1,"KDM5A"
"KDM5B",1,"KDM5B"
"KDM6A",1,"KDM6A"
"KDM8",1,"KDM8"
"KDR",1,"KDR"
"KDSR",1,"KDSR"
"KEAP1",1,"KEAP1"
"KEL",1,"KEL"
"KERA",1,"KERA"
"KHDRBS2",1,"KHDRBS2"
"KHNYN",1,"KHNYN"
"KIAA0020",1,"KIAA0020"
"KIAA0100",1,"KIAA0100"
"KIAA0195",1,"KIAA0195"
"KIAA0319L",1,"KIAA0319L"
"KIAA0513",1,"KIAA0513"
"KIAA0556",1,"KIAA0556"
"KIAA0825",1,"KIAA0825"
"KIAA0895",1,"KIAA0895"
"KIAA0895L",1,"KIAA0895L"
"KIAA0930",1,"KIAA0930"
"KIAA1211",1,"KIAA1211"
"KIAA1217",1,"KIAA1217"
"KIAA1462",1,"KIAA1462"
"KIAA1467",1,"KIAA1467"
"KIAA1468",1,"KIAA1468"
"KIAA1522",1,"KIAA1522"
"KIAA1755",1,"KIAA1755"
"KIF11",1,"KIF11"
"KIF14",1,"KIF14"
"KIF19",1,"KIF19"
"KIF1A",1,"KIF1A"
"KIF21A",1,"KIF21A"
"KIF21B",1,"KIF21B"
"KIF23",1,"KIF23"
"KIF25",1,"KIF25"
"KIF26B",1,"KIF26B"
"KIF27",1,"KIF27"
"KIF6",1,"KIF6"
"KIR3DL1",1,"KIR3DL1"
"KIRREL",1,"KIRREL"
"KLF4",1,"KLF4"
"KLHDC2",1,"KLHDC2"
"KLHDC8B",1,"KLHDC8B"
"KLHL13",1,"KLHL13"
"KLHL14",1,"KLHL14"
"KLHL2",1,"KLHL2"
"KLHL22",1,"KLHL22"
"KLHL24",1,"KLHL24"
"KLHL26",1,"KLHL26"
"KLHL35",1,"KLHL35"
"KLHL36",1,"KLHL36"
"KLHL4",1,"KLHL4"
"KLHL40",1,"KLHL40"
"KLHL41",1,"KLHL41"
"KRIT1",1,"KRIT1"
"KRR1",1,"KRR1"
"KRT18",1,"KRT18"
"KRT20",1,"KRT20"
"KRT222",1,"KRT222"
"KRT33B",1,"KRT33B"
"KRT35",1,"KRT35"
"KRT80",1,"KRT80"
"KRT9",1,"KRT9"
"KRTAP10-1",1,"KRTAP10-1"
"KRTAP10-11",1,"KRTAP10-11"
"KRTAP10-12",1,"KRTAP10-12"
"KRTAP10-5",1,"KRTAP10-5"
"KRTAP3-3",1,"KRTAP3-3"
"KRTAP4-12",1,"KRTAP4-12"
"KRTAP4-2",1,"KRTAP4-2"
"KRTAP4-6",1,"KRTAP4-6"
"KRTAP5-6",1,"KRTAP5-6"
"KRTAP6-2",1,"KRTAP6-2"
"KRTAP8-1",1,"KRTAP8-1"
"KRTAP9-3",1,"KRTAP9-3"
"KRTCAP3",1,"KRTCAP3"
"L3MBTL4",1,"L3MBTL4"
"LAMA5",1,"LAMA5"
"LAMB1",1,"LAMB1"
"LAMC1",1,"LAMC1"
"LAMP5",1,"LAMP5"
"LARGE",1,"LARGE"
"LARP1",1,"LARP1"
"LARP1B",1,"LARP1B"
"LARP4B",1,"LARP4B"
"LARP7",1,"LARP7"
"LARS",1,"LARS"
"LARS2",1,"LARS2"
"LATS1",1,"LATS1"
"LAX1",1,"LAX1"
"LAYN",1,"LAYN"
"LBP",1,"LBP"
"LBR",1,"LBR"
"LCA5",1,"LCA5"
"LCE1C",1,"LCE1C"
"LCMT1",1,"LCMT1"
"LCOR",1,"LCOR"
"LCT",1,"LCT"
"LDHAL6A",1,"LDHAL6A"
"LDHC",1,"LDHC"
"LDLRAD3",1,"LDLRAD3"
"LEMD1",1,"LEMD1"
"LEMD2",1,"LEMD2"
"LENG9",1,"LENG9"
"LEPR",1,"LEPR"
"LETM2",1,"LETM2"
"LETMD1",1,"LETMD1"
"LGALS13",1,"LGALS13"
"LGI3",1,"LGI3"
"LGR5",1,"LGR5"
"LGSN",1,"LGSN"
"LHFPL5",1,"LHFPL5"
"LIG4",1,"LIG4"
"LIMA1",1,"LIMA1"
"LIMD1",1,"LIMD1"
"LIMS1",1,"LIMS1"
"LIN54",1,"LIN54"
"LINC01098",1,"LINC01098"
"LIPJ",1,"LIPJ"
"LIPK",1,"LIPK"
"LIPT1",1,"LIPT1"
"LLGL1",1,"LLGL1"
"LMBR1L",1,"LMBR1L"
"LMBRD2",1,"LMBRD2"
"LMLN",1,"LMLN"
"LMO7",1,"LMO7"
"LMOD1",1,"LMOD1"
"LMOD3",1,"LMOD3"
"LNX1",1,"LNX1"
"LNX2",1,"LNX2"
"LONP1",1,"LONP1"
"LONRF2",1,"LONRF2"
"LOR",1,"LOR"
"LPCAT3",1,"LPCAT3"
"LPL",1,"LPL"
"LRBA",1,"LRBA"
"LRFN4",1,"LRFN4"
"LRFN5",1,"LRFN5"
"LRP11",1,"LRP11"
"LRP2",1,"LRP2"
"LRP6",1,"LRP6"
"LRPAP1",1,"LRPAP1"
"LRRC14",1,"LRRC14"
"LRRC17",1,"LRRC17"
"LRRC28",1,"LRRC28"
"LRRC3",1,"LRRC3"
"LRRC32",1,"LRRC32"
"LRRC37A2",1,"LRRC37A2"
"LRRC42",1,"LRRC42"
"LRRC46",1,"LRRC46"
"LRRC55",1,"LRRC55"
"LRRC56",1,"LRRC56"
"LRRC8D",1,"LRRC8D"
"LRRIQ1",1,"LRRIQ1"
"LRRIQ4",1,"LRRIQ4"
"LRRN4",1,"LRRN4"
"LRRTM3",1,"LRRTM3"
"LRSAM1",1,"LRSAM1"
"LTBP2",1,"LTBP2"
"LTBP3",1,"LTBP3"
"LTF",1,"LTF"
"LUM",1,"LUM"
"LVRN",1,"LVRN"
"LY9",1,"LY9"
"LYN",1,"LYN"
"LYPLAL1",1,"LYPLAL1"
"LYZ",1,"LYZ"
"LYZL6",1,"LYZL6"
"LZTR1",1,"LZTR1"
"MACC1",1,"MACC1"
"MAGEA11",1,"MAGEA11"
"MAGEB10",1,"MAGEB10"
"MAGEB2",1,"MAGEB2"
"MAGEB3",1,"MAGEB3"
"MAGED1",1,"MAGED1"
"MAGEE2",1,"MAGEE2"
"MAGI1",1,"MAGI1"
"MAGI2",1,"MAGI2"
"MAMLD1",1,"MAMLD1"
"MAN2C1",1,"MAN2C1"
"MAP10",1,"MAP10"
"MAP1LC3B",1,"MAP1LC3B"
"MAP1LC3B2",1,"MAP1LC3B2"
"MAP1S",1,"MAP1S"
"MAP2K1",1,"MAP2K1"
"MAP3K1",1,"MAP3K1"
"MAP3K10",1,"MAP3K10"
"MAP3K6",1,"MAP3K6"
"MAPK10",1,"MAPK10"
"MAPK4",1,"MAPK4"
"MAPK8IP2",1,"MAPK8IP2"
"MAPKAPK3",1,"MAPKAPK3"
"MAPRE2",1,"MAPRE2"
"MARCH1",1,"MARCH1"
"MARCH8",1,"MARCH8"
"MARK3",1,"MARK3"
"MARS2",1,"MARS2"
"MAST2",1,"MAST2"
"MAST4",1,"MAST4"
"MAT1A",1,"MAT1A"
"MATR3",1,"MATR3"
"MAU2",1,"MAU2"
"MBD1",1,"MBD1"
"MBOAT2",1,"MBOAT2"
"MBTPS1",1,"MBTPS1"
"MCC",1,"MCC"
"MCHR1",1,"MCHR1"
"MCM10",1,"MCM10"
"MCM3AP",1,"MCM3AP"
"MCM8",1,"MCM8"
"MCOLN1",1,"MCOLN1"
"MDC1",1,"MDC1"
"MDM2",1,"MDM2"
"ME1",1,"ME1"
"MECP2",1,"MECP2"
"MED11",1,"MED11"
"MED13",1,"MED13"
"MED13L",1,"MED13L"
"MED14",1,"MED14"
"MED15",1,"MED15"
"MED16",1,"MED16"
"MED23",1,"MED23"
"MED31",1,"MED31"
"MEF2C",1,"MEF2C"
"MEGF11",1,"MEGF11"
"MEGF6",1,"MEGF6"
"MEI1",1,"MEI1"
"MEPCE",1,"MEPCE"
"MESP1",1,"MESP1"
"METRNL",1,"METRNL"
"METTL2A",1,"METTL2A"
"METTL8",1,"METTL8"
"MEX3A",1,"MEX3A"
"MFN2",1,"MFN2"
"MFRP",1,"MFRP"
"MFSD1",1,"MFSD1"
"MFSD4",1,"MFSD4"
"MFSD6L",1,"MFSD6L"
"MFSD7",1,"MFSD7"
"MGA",1,"MGA"
"MGAM",1,"MGAM"
"MGAT4C",1,"MGAT4C"
"MIB1",1,"MIB1"
"MIB2",1,"MIB2"
"MICALCL",1,"MICALCL"
"MICU3",1,"MICU3"
"MIS18BP1",1,"MIS18BP1"
"MITF",1,"MITF"
"MKL1",1,"MKL1"
"MLKL",1,"MLKL"
"MLLT1",1,"MLLT1"
"MLYCD",1,"MLYCD"
"MMD2",1,"MMD2"
"MMEL1",1,"MMEL1"
"MMP12",1,"MMP12"
"MMP17",1,"MMP17"
"MMP2",1,"MMP2"
"MMP24",1,"MMP24"
"MMP27",1,"MMP27"
"MMP3",1,"MMP3"
"MMP7",1,"MMP7"
"MN1",1,"MN1"
"MOB1A",1,"MOB1A"
"MOB1B",1,"MOB1B"
"MOB3B",1,"MOB3B"
"MOB4",1,"MOB4"
"MOCS3",1,"MOCS3"
"MOGAT1",1,"MOGAT1"
"MOGAT3",1,"MOGAT3"
"MON2",1,"MON2"
"MORC1",1,"MORC1"
"MORF4L2",1,"MORF4L2"
"MORN1",1,"MORN1"
"MORN5",1,"MORN5"
"MOSPD2",1,"MOSPD2"
"MOV10L1",1,"MOV10L1"
"MPHOSPH10",1,"MPHOSPH10"
"MPO",1,"MPO"
"MPP4",1,"MPP4"
"MPPED1",1,"MPPED1"
"MPZL3",1,"MPZL3"
"MRAP2",1,"MRAP2"
"MROH6",1,"MROH6"
"MROH7",1,"MROH7"
"MRPL10",1,"MRPL10"
"MRPL19",1,"MRPL19"
"MRPL28",1,"MRPL28"
"MRPL38",1,"MRPL38"
"MRPL39",1,"MRPL39"
"MRPL50",1,"MRPL50"
"MRPS35",1,"MRPS35"
"MS4A2",1,"MS4A2"
"MS4A4A",1,"MS4A4A"
"MSANTD4",1,"MSANTD4"
"MSH3",1,"MSH3"
"MSH5",1,"MSH5"
"MSMB",1,"MSMB"
"MSR1",1,"MSR1"
"MSS51",1,"MSS51"
"MST1R",1,"MST1R"
"MTBP",1,"MTBP"
"MTCL1",1,"MTCL1"
"MTDH",1,"MTDH"
"MTERF1",1,"MTERF1"
"MTERF2",1,"MTERF2"
"MTF1",1,"MTF1"
"MTF2",1,"MTF2"
"MTHFD1",1,"MTHFD1"
"MTHFR",1,"MTHFR"
"MTHFS",1,"MTHFS"
"MTIF3",1,"MTIF3"
"MTMR11",1,"MTMR11"
"MTMR8",1,"MTMR8"
"MTOR",1,"MTOR"
"MTR",1,"MTR"
"MTSS1L",1,"MTSS1L"
"MTX1",1,"MTX1"
"MUC20",1,"MUC20"
"MUC4",1,"MUC4"
"MUC5AC",1,"MUC5AC"
"MUC6",1,"MUC6"
"MUSK",1,"MUSK"
"MUTYH",1,"MUTYH"
"MX1",1,"MX1"
"MX2",1,"MX2"
"MYBL2",1,"MYBL2"
"MYBPC1",1,"MYBPC1"
"MYH10",1,"MYH10"
"MYH3",1,"MYH3"
"MYH7",1,"MYH7"
"MYH8",1,"MYH8"
"MYLK4",1,"MYLK4"
"MYNN",1,"MYNN"
"MYO16",1,"MYO16"
"MYO18B",1,"MYO18B"
"MYO1C",1,"MYO1C"
"MYO1D",1,"MYO1D"
"MYO1E",1,"MYO1E"
"MYO5A",1,"MYO5A"
"MYO6",1,"MYO6"
"MYO7B",1,"MYO7B"
"MYOF",1,"MYOF"
"MYOM1",1,"MYOM1"
"MYOM3",1,"MYOM3"
"MYT1L",1,"MYT1L"
"N4BP2L1",1,"N4BP2L1"
"NAA15",1,"NAA15"
"NAA20",1,"NAA20"
"NAA25",1,"NAA25"
"NAA30",1,"NAA30"
"NAALADL1",1,"NAALADL1"
"NADSYN1",1,"NADSYN1"
"NAIP",1,"NAIP"
"NALCN",1,"NALCN"
"NANOS3",1,"NANOS3"
"NANS",1,"NANS"
"NAP1L1",1,"NAP1L1"
"NAPG",1,"NAPG"
"NBPF1",1,"NBPF1"
"NBPF14",1,"NBPF14"
"NBPF15",1,"NBPF15"
"NBPF19",1,"NBPF19"
"NBR1",1,"NBR1"
"NCAN",1,"NCAN"
"NCAPG2",1,"NCAPG2"
"NCAPH2",1,"NCAPH2"
"NCK1",1,"NCK1"
"NCKIPSD",1,"NCKIPSD"
"NCOA3",1,"NCOA3"
"NCOR1",1,"NCOR1"
"NCOR2",1,"NCOR2"
"NCR1",1,"NCR1"
"NDC80",1,"NDC80"
"NDFIP2",1,"NDFIP2"
"NDRG4",1,"NDRG4"
"NDST2",1,"NDST2"
"NDUFA6",1,"NDUFA6"
"NDUFA7",1,"NDUFA7"
"NDUFAF4",1,"NDUFAF4"
"NDUFB5",1,"NDUFB5"
"NDUFB9",1,"NDUFB9"
"NDUFS1",1,"NDUFS1"
"NDUFS5",1,"NDUFS5"
"NDUFV2",1,"NDUFV2"
"NECAP1",1,"NECAP1"
"NEDD4",1,"NEDD4"
"NEIL3",1,"NEIL3"
"NEK10",1,"NEK10"
"NET1",1,"NET1"
"NEXN",1,"NEXN"
"NFATC1",1,"NFATC1"
"NFIX",1,"NFIX"
"NFKBID",1,"NFKBID"
"NFRKB",1,"NFRKB"
"NFS1",1,"NFS1"
"NFX1",1,"NFX1"
"NFXL1",1,"NFXL1"
"NGF",1,"NGF"
"NGFRAP1",1,"NGFRAP1"
"NHLRC3",1,"NHLRC3"
"NHS",1,"NHS"
"NID1",1,"NID1"
"NIN",1,"NIN"
"NIPA1",1,"NIPA1"
"NIPA2",1,"NIPA2"
"NIPAL1",1,"NIPAL1"
"NIPAL2",1,"NIPAL2"
"NIPAL3",1,"NIPAL3"
"NIPSNAP3A",1,"NIPSNAP3A"
"NKD1",1,"NKD1"
"NKG7",1,"NKG7"
"NKIRAS1",1,"NKIRAS1"
"NLGN1",1,"NLGN1"
"NLGN4Y",1,"NLGN4Y"
"NLRP11",1,"NLRP11"
"NLRP3",1,"NLRP3"
"NLRP4",1,"NLRP4"
"NLRP5",1,"NLRP5"
"NLRP6",1,"NLRP6"
"NLRP8",1,"NLRP8"
"NNT",1,"NNT"
"NOBOX",1,"NOBOX"
"NOL9",1,"NOL9"
"NOM1",1,"NOM1"
"NOMO1",1,"NOMO1"
"NOMO3",1,"NOMO3"
"NOP58",1,"NOP58"
"NOTCH1",1,"NOTCH1"
"NOX5",1,"NOX5"
"NPAS2",1,"NPAS2"
"NPAT",1,"NPAT"
"NPBWR2",1,"NPBWR2"
"NPEPPS",1,"NPEPPS"
"NPFFR2",1,"NPFFR2"
"NPHP1",1,"NPHP1"
"NPHP3",1,"NPHP3"
"NPHP4",1,"NPHP4"
"NPHS2",1,"NPHS2"
"NPM3",1,"NPM3"
"NPNT",1,"NPNT"
"NPR2",1,"NPR2"
"NPRL2",1,"NPRL2"
"NPSR1",1,"NPSR1"
"NPY5R",1,"NPY5R"
"NQO2",1,"NQO2"
"NR3C2",1,"NR3C2"
"NR4A2",1,"NR4A2"
"NRCAM",1,"NRCAM"
"NRIP1",1,"NRIP1"
"NRP1",1,"NRP1"
"NRXN1",1,"NRXN1"
"NRXN2",1,"NRXN2"
"NRXN3",1,"NRXN3"
"NSMAF",1,"NSMAF"
"NSMCE2",1,"NSMCE2"
"NSRP1",1,"NSRP1"
"NSUN3",1,"NSUN3"
"NSUN6",1,"NSUN6"
"NTNG2",1,"NTNG2"
"NTRK3",1,"NTRK3"
"NTSR2",1,"NTSR2"
"NUDCD1",1,"NUDCD1"
"NUDT12",1,"NUDT12"
"NUDT15",1,"NUDT15"
"NUDT17",1,"NUDT17"
"NUDT8",1,"NUDT8"
"NUDT9",1,"NUDT9"
"NUFIP1",1,"NUFIP1"
"NUMA1",1,"NUMA1"
"NUP155",1,"NUP155"
"NUP88",1,"NUP88"
"NUP98",1,"NUP98"
"NUPL1",1,"NUPL1"
"NXF3",1,"NXF3"
"NXF5",1,"NXF5"
"OAS3",1,"OAS3"
"OAZ1",1,"OAZ1"
"OCLN",1,"OCLN"
"OCRL",1,"OCRL"
"ODF2L",1,"ODF2L"
"OFD1",1,"OFD1"
"OGDHL",1,"OGDHL"
"OGFOD1",1,"OGFOD1"
"OGFOD2",1,"OGFOD2"
"OLFM1",1,"OLFM1"
"OLFML1",1,"OLFML1"
"OPLAH",1,"OPLAH"
"OPN1SW",1,"OPN1SW"
"OPN4",1,"OPN4"
"OPRL1",1,"OPRL1"
"OR10G4",1,"OR10G4"
"OR10H2",1,"OR10H2"
"OR10X1",1,"OR10X1"
"OR10Z1",1,"OR10Z1"
"OR11G2",1,"OR11G2"
"OR11H12",1,"OR11H12"
"OR11H6",1,"OR11H6"
"OR12D3",1,"OR12D3"
"OR13C8",1,"OR13C8"
"OR14C36",1,"OR14C36"
"OR1E1",1,"OR1E1"
"OR1J2",1,"OR1J2"
"OR1L8",1,"OR1L8"
"OR1N2",1,"OR1N2"
"OR2AK2",1,"OR2AK2"
"OR2AT4",1,"OR2AT4"
"OR2B2",1,"OR2B2"
"OR2B3",1,"OR2B3"
"OR2C1",1,"OR2C1"
"OR2G6",1,"OR2G6"
"OR2H2",1,"OR2H2"
"OR2K2",1,"OR2K2"
"OR2L13",1,"OR2L13"
"OR2L3",1,"OR2L3"
"OR2M5",1,"OR2M5"
"OR2T27",1,"OR2T27"
"OR2T33",1,"OR2T33"
"OR2T34",1,"OR2T34"
"OR2T4",1,"OR2T4"
"OR3A3",1,"OR3A3"
"OR4A47",1,"OR4A47"
"OR4A5",1,"OR4A5"
"OR4C11",1,"OR4C11"
"OR4C3",1,"OR4C3"
"OR4C6",1,"OR4C6"
"OR4D10",1,"OR4D10"
"OR4D9",1,"OR4D9"
"OR4F4",1,"OR4F4"
"OR4K2",1,"OR4K2"
"OR4L1",1,"OR4L1"
"OR4N2",1,"OR4N2"
"OR4P4",1,"OR4P4"
"OR51E2",1,"OR51E2"
"OR51G1",1,"OR51G1"
"OR51I1",1,"OR51I1"
"OR51V1",1,"OR51V1"
"OR52A5",1,"OR52A5"
"OR52N4",1,"OR52N4"
"OR56A1",1,"OR56A1"
"OR5AK2",1,"OR5AK2"
"OR5AR1",1,"OR5AR1"
"OR5AS1",1,"OR5AS1"
"OR5B17",1,"OR5B17"
"OR5B2",1,"OR5B2"
"OR5B3",1,"OR5B3"
"OR5D18",1,"OR5D18"
"OR5F1",1,"OR5F1"
"OR5H14",1,"OR5H14"
"OR5I1",1,"OR5I1"
"OR5K1",1,"OR5K1"
"OR5M1",1,"OR5M1"
"OR5V1",1,"OR5V1"
"OR6A2",1,"OR6A2"
"OR6C3",1,"OR6C3"
"OR6C70",1,"OR6C70"
"OR6C75",1,"OR6C75"
"OR6K2",1,"OR6K2"
"OR6S1",1,"OR6S1"
"OR7A17",1,"OR7A17"
"OR7A5",1,"OR7A5"
"OR8B12",1,"OR8B12"
"OR8B3",1,"OR8B3"
"OR8B4",1,"OR8B4"
"OR8D1",1,"OR8D1"
"OR8K5",1,"OR8K5"
"OR9I1",1,"OR9I1"
"ORC1",1,"ORC1"
"ORC2",1,"ORC2"
"ORC3",1,"ORC3"
"OSBPL7",1,"OSBPL7"
"OSBPL9",1,"OSBPL9"
"OSGIN2",1,"OSGIN2"
"OSMR",1,"OSMR"
"OSTC",1,"OSTC"
"OTOA",1,"OTOA"
"OTUD5",1,"OTUD5"
"OTUD6A",1,"OTUD6A"
"OTUD7A",1,"OTUD7A"
"OTX1",1,"OTX1"
"OTX2",1,"OTX2"
"OVGP1",1,"OVGP1"
"OXGR1",1,"OXGR1"
"OXR1",1,"OXR1"
"P3H2",1,"P3H2"
"P4HB",1,"P4HB"
"PABPC1",1,"PABPC1"
"PABPC3",1,"PABPC3"
"PACRGL",1,"PACRGL"
"PACSIN3",1,"PACSIN3"
"PADI1",1,"PADI1"
"PADI6",1,"PADI6"
"PARD3",1,"PARD3"
"PARD6B",1,"PARD6B"
"PARP10",1,"PARP10"
"PARP14",1,"PARP14"
"PARP4",1,"PARP4"
"PARPBP",1,"PARPBP"
"PATE2",1,"PATE2"
"PAWR",1,"PAWR"
"PAXBP1",1,"PAXBP1"
"PAXIP1",1,"PAXIP1"
"PCBP1",1,"PCBP1"
"PCDH1",1,"PCDH1"
"PCDH11Y",1,"PCDH11Y"
"PCDH17",1,"PCDH17"
"PCDH18",1,"PCDH18"
"PCDH19",1,"PCDH19"
"PCDH20",1,"PCDH20"
"PCDH8",1,"PCDH8"
"PCDHA1",1,"PCDHA1"
"PCDHA10",1,"PCDHA10"
"PCDHA5",1,"PCDHA5"
"PCDHA6",1,"PCDHA6"
"PCDHAC1",1,"PCDHAC1"
"PCDHB1",1,"PCDHB1"
"PCDHB11",1,"PCDHB11"
"PCDHB6",1,"PCDHB6"
"PCDHB8",1,"PCDHB8"
"PCDHGA1",1,"PCDHGA1"
"PCDHGA11",1,"PCDHGA11"
"PCDHGA12",1,"PCDHGA12"
"PCDHGA2",1,"PCDHGA2"
"PCDHGA4",1,"PCDHGA4"
"PCDHGA5",1,"PCDHGA5"
"PCDHGA9",1,"PCDHGA9"
"PCDHGB3",1,"PCDHGB3"
"PCDHGB4",1,"PCDHGB4"
"PCDHGC4",1,"PCDHGC4"
"PCID2",1,"PCID2"
"PCLO",1,"PCLO"
"PCNX",1,"PCNX"
"PCSK5",1,"PCSK5"
"PCSK6",1,"PCSK6"
"PCSK7",1,"PCSK7"
"PCYOX1L",1,"PCYOX1L"
"PDCD1",1,"PDCD1"
"PDCD10",1,"PDCD10"
"PDCD1LG2",1,"PDCD1LG2"
"PDCD4",1,"PDCD4"
"PDE1C",1,"PDE1C"
"PDE3A",1,"PDE3A"
"PDE3B",1,"PDE3B"
"PDE4B",1,"PDE4B"
"PDE5A",1,"PDE5A"
"PDGFRB",1,"PDGFRB"
"PDHA2",1,"PDHA2"
"PDHX",1,"PDHX"
"PDIA3",1,"PDIA3"
"PDIA5",1,"PDIA5"
"PDK3",1,"PDK3"
"PDPR",1,"PDPR"
"PDS5B",1,"PDS5B"
"PDZD3",1,"PDZD3"
"PDZD8",1,"PDZD8"
"PDZK1",1,"PDZK1"
"PECR",1,"PECR"
"PELI1",1,"PELI1"
"PELI3",1,"PELI3"
"PELP1",1,"PELP1"
"PENK",1,"PENK"
"PEX10",1,"PEX10"
"PEX5",1,"PEX5"
"PEX7",1,"PEX7"
"PFKFB4",1,"PFKFB4"
"PFKP",1,"PFKP"
"PGBD2",1,"PGBD2"
"PGBD5",1,"PGBD5"
"PGLYRP3",1,"PGLYRP3"
"PGM2",1,"PGM2"
"PGM5",1,"PGM5"
"PHAX",1,"PHAX"
"PHF14",1,"PHF14"
"PHF20",1,"PHF20"
"PHF20L1",1,"PHF20L1"
"PHF21A",1,"PHF21A"
"PHF23",1,"PHF23"
"PHF6",1,"PHF6"
"PHF8",1,"PHF8"
"PHLDB2",1,"PHLDB2"
"PHOX2A",1,"PHOX2A"
"PHTF2",1,"PHTF2"
"PI4K2B",1,"PI4K2B"
"PI4KA",1,"PI4KA"
"PI4KB",1,"PI4KB"
"PIAS3",1,"PIAS3"
"PIDD1",1,"PIDD1"
"PIGC",1,"PIGC"
"PIGM",1,"PIGM"
"PIGO",1,"PIGO"
"PIGZ",1,"PIGZ"
"PIK3C3",1,"PIK3C3"
"PIK3CB",1,"PIK3CB"
"PIK3CD",1,"PIK3CD"
"PIK3R3",1,"PIK3R3"
"PINK1",1,"PINK1"
"PIP4K2C",1,"PIP4K2C"
"PIR",1,"PIR"
"PITPNA",1,"PITPNA"
"PITPNM1",1,"PITPNM1"
"PITPNM2",1,"PITPNM2"
"PIWIL3",1,"PIWIL3"
"pk",1,"pk"
"PKD2L2",1,"PKD2L2"
"PKLR",1,"PKLR"
"PKM",1,"PKM"
"PKN2",1,"PKN2"
"PLA1A",1,"PLA1A"
"PLA2G2A",1,"PLA2G2A"
"PLA2G2D",1,"PLA2G2D"
"PLA2G3",1,"PLA2G3"
"PLA2G4A",1,"PLA2G4A"
"PLA2G4D",1,"PLA2G4D"
"PLA2G5",1,"PLA2G5"
"PLA2G6",1,"PLA2G6"
"PLAG1",1,"PLAG1"
"PLCB1",1,"PLCB1"
"PLCB4",1,"PLCB4"
"PLCD1",1,"PLCD1"
"PLCG1",1,"PLCG1"
"PLD3",1,"PLD3"
"PLEKHA3",1,"PLEKHA3"
"PLEKHA4",1,"PLEKHA4"
"PLEKHF2",1,"PLEKHF2"
"PLEKHM2",1,"PLEKHM2"
"PLIN5",1,"PLIN5"
"PLK4",1,"PLK4"
"PLOD2",1,"PLOD2"
"PLSCR2",1,"PLSCR2"
"PLSCR4",1,"PLSCR4"
"PLTP",1,"PLTP"
"PLXDC2",1,"PLXDC2"
"PLXNA3",1,"PLXNA3"
"PLXNB1",1,"PLXNB1"
"PLXNB2",1,"PLXNB2"
"PLXNB3",1,"PLXNB3"
"PLXND1",1,"PLXND1"
"PMCH",1,"PMCH"
"PMP2",1,"PMP2"
"PMPCB",1,"PMPCB"
"PMS1",1,"PMS1"
"PNLDC1",1,"PNLDC1"
"PNMA5",1,"PNMA5"
"PNMAL2",1,"PNMAL2"
"PNN",1,"PNN"
"PNOC",1,"PNOC"
"POFUT2",1,"POFUT2"
"POGLUT1",1,"POGLUT1"
"POGZ",1,"POGZ"
"POLA1",1,"POLA1"
"POLB",1,"POLB"
"POLD3",1,"POLD3"
"POLE2",1,"POLE2"
"POLL",1,"POLL"
"POLN",1,"POLN"
"POLR1A",1,"POLR1A"
"POLR3B",1,"POLR3B"
"POLR3GL",1,"POLR3GL"
"POR",1,"POR"
"POU1F1",1,"POU1F1"
"POU2F2",1,"POU2F2"
"POU2F3",1,"POU2F3"
"POU4F3",1,"POU4F3"
"PPARA",1,"PPARA"
"PPAT",1,"PPAT"
"PPFIA4",1,"PPFIA4"
"PPFIBP1",1,"PPFIBP1"
"PPID",1,"PPID"
"PPIG",1,"PPIG"
"PPIL3",1,"PPIL3"
"PPP1R12B",1,"PPP1R12B"
"PPP1R13B",1,"PPP1R13B"
"PPP1R15A",1,"PPP1R15A"
"PPP1R21",1,"PPP1R21"
"PPP1R26",1,"PPP1R26"
"PPP1R3B",1,"PPP1R3B"
"PPP1R7",1,"PPP1R7"
"PPP1R9B",1,"PPP1R9B"
"PPP2R2B",1,"PPP2R2B"
"PPP2R3A",1,"PPP2R3A"
"PPP2R5A",1,"PPP2R5A"
"PPP2R5D",1,"PPP2R5D"
"PPP3CC",1,"PPP3CC"
"PPP3R2",1,"PPP3R2"
"PPP4R4",1,"PPP4R4"
"PPP6C",1,"PPP6C"
"PPRC1",1,"PPRC1"
"PPT1",1,"PPT1"
"PPT2",1,"PPT2"
"PRAMEF5",1,"PRAMEF5"
"PRCP",1,"PRCP"
"PRDM1",1,"PRDM1"
"PRDM14",1,"PRDM14"
"PRDM15",1,"PRDM15"
"PRDM4",1,"PRDM4"
"PRDX1",1,"PRDX1"
"PRDX6",1,"PRDX6"
"PREP",1,"PREP"
"PREX2",1,"PREX2"
"PRICKLE1",1,"PRICKLE1"
"PRKAR2A",1,"PRKAR2A"
"PRKCA",1,"PRKCA"
"PRKCSH",1,"PRKCSH"
"PRKG1",1,"PRKG1"
"PRKG2",1,"PRKG2"
"PRODH2",1,"PRODH2"
"PROKR2",1,"PROKR2"
"PROSER1",1,"PROSER1"
"PROSER3",1,"PROSER3"
"PRPF18",1,"PRPF18"
"PRPS1",1,"PRPS1"
"PRR27",1,"PRR27"
"PRRC2C",1,"PRRC2C"
"PRRG1",1,"PRRG1"
"PRRT3",1,"PRRT3"
"PRSS38",1,"PRSS38"
"PRSS45",1,"PRSS45"
"PRSS48",1,"PRSS48"
"PRSS53",1,"PRSS53"
"PRUNE",1,"PRUNE"
"PRUNE2",1,"PRUNE2"
"PSG2",1,"PSG2"
"PSG5",1,"PSG5"
"PSG7",1,"PSG7"
"PSG9",1,"PSG9"
"PSMA2",1,"PSMA2"
"PSMA4",1,"PSMA4"
"PSMA6",1,"PSMA6"
"PSMB1",1,"PSMB1"
"PSMB6",1,"PSMB6"
"PSMC4",1,"PSMC4"
"PSMC5",1,"PSMC5"
"PSMD1",1,"PSMD1"
"PSMD11",1,"PSMD11"
"PSME2",1,"PSME2"
"PSME4",1,"PSME4"
"PSMG1",1,"PSMG1"
"PSPN",1,"PSPN"
"PTAR1",1,"PTAR1"
"PTBP2",1,"PTBP2"
"PTCD1",1,"PTCD1"
"PTCH1",1,"PTCH1"
"PTCHD3",1,"PTCHD3"
"PTCHD4",1,"PTCHD4"
"PTGDS",1,"PTGDS"
"PTGR2",1,"PTGR2"
"PTH2R",1,"PTH2R"
"PTK2",1,"PTK2"
"PTN",1,"PTN"
"PTPDC1",1,"PTPDC1"
"PTPN14",1,"PTPN14"
"PTPN21",1,"PTPN21"
"PTPN4",1,"PTPN4"
"PTPRA",1,"PTPRA"
"PTPRB",1,"PTPRB"
"PTPRG",1,"PTPRG"
"PTPRJ",1,"PTPRJ"
"PTPRK",1,"PTPRK"
"PTPRT",1,"PTPRT"
"PTTG2",1,"PTTG2"
"PUM1",1,"PUM1"
"PUS3",1,"PUS3"
"PVRL3",1,"PVRL3"
"PVRL4",1,"PVRL4"
"PXDNL",1,"PXDNL"
"PXMP2",1,"PXMP2"
"QPRT",1,"QPRT"
"QSER1",1,"QSER1"
"R3HDM2",1,"R3HDM2"
"RAB11FIP1",1,"RAB11FIP1"
"RAB11FIP2",1,"RAB11FIP2"
"RAB32",1,"RAB32"
"RAB33A",1,"RAB33A"
"RAB33B",1,"RAB33B"
"RAB37",1,"RAB37"
"RAB3C",1,"RAB3C"
"RAB3IP",1,"RAB3IP"
"RAB5C",1,"RAB5C"
"RAB6B",1,"RAB6B"
"RAB6C",1,"RAB6C"
"RABEP1",1,"RABEP1"
"RABGAP1L",1,"RABGAP1L"
"RAD23B",1,"RAD23B"
"RAD50",1,"RAD50"
"RAD51AP1",1,"RAD51AP1"
"RAD51AP2",1,"RAD51AP2"
"RAD54B",1,"RAD54B"
"RAD54L2",1,"RAD54L2"
"RAF1",1,"RAF1"
"RALBP1",1,"RALBP1"
"RALGAPA1",1,"RALGAPA1"
"RALGAPA2",1,"RALGAPA2"
"RALGPS2",1,"RALGPS2"
"RANBP10",1,"RANBP10"
"RANBP3L",1,"RANBP3L"
"RAP1A",1,"RAP1A"
"RAP1GAP",1,"RAP1GAP"
"RAP1GDS1",1,"RAP1GDS1"
"RAPGEF3",1,"RAPGEF3"
"RAPGEFL1",1,"RAPGEFL1"
"RAPH1",1,"RAPH1"
"RARA",1,"RARA"
"RARS2",1,"RARS2"
"RASEF",1,"RASEF"
"RASGRP1",1,"RASGRP1"
"RASSF1",1,"RASSF1"
"RASSF8",1,"RASSF8"
"RB1CC1",1,"RB1CC1"
"RBBP4",1,"RBBP4"
"RBBP8",1,"RBBP8"
"RBBP8NL",1,"RBBP8NL"
"RBFOX2",1,"RBFOX2"
"RBL1",1,"RBL1"
"RBL2",1,"RBL2"
"RBM10",1,"RBM10"
"RBM12",1,"RBM12"
"RBM15",1,"RBM15"
"RBM15B",1,"RBM15B"
"RBM22",1,"RBM22"
"RBM25",1,"RBM25"
"RBM28",1,"RBM28"
"RBM46",1,"RBM46"
"RBM4B",1,"RBM4B"
"RBM7",1,"RBM7"
"RBMS1",1,"RBMS1"
"RBMY1A1",1,"RBMY1A1"
"RBP3",1,"RBP3"
"RBPJL",1,"RBPJL"
"RBPMS",1,"RBPMS"
"RBSN",1,"RBSN"
"RC3H2",1,"RC3H2"
"RCAN1",1,"RCAN1"
"RCC1",1,"RCC1"
"RCOR2",1,"RCOR2"
"RCVRN",1,"RCVRN"
"RDH14",1,"RDH14"
"REG3A",1,"REG3A"
"REL",1,"REL"
"RENBP",1,"RENBP"
"REP15",1,"REP15"
"REPS2",1,"REPS2"
"RERE",1,"RERE"
"RERGL",1,"RERGL"
"RETN",1,"RETN"
"REV1",1,"REV1"
"REXO2",1,"REXO2"
"RFK",1,"RFK"
"RFPL2",1,"RFPL2"
"RFWD3",1,"RFWD3"
"RFX3",1,"RFX3"
"RFX5",1,"RFX5"
"RFXAP",1,"RFXAP"
"RGL2",1,"RGL2"
"RGN",1,"RGN"
"RGP1",1,"RGP1"
"RGPD8",1,"RGPD8"
"RGR",1,"RGR"
"RGS12",1,"RGS12"
"RGS21",1,"RGS21"
"RHBDF1",1,"RHBDF1"
"RHOT1",1,"RHOT1"
"RHOT2",1,"RHOT2"
"RIF1",1,"RIF1"
"RIMBP2",1,"RIMBP2"
"RIMS3",1,"RIMS3"
"RINT1",1,"RINT1"
"RIT2",1,"RIT2"
"RLIM",1,"RLIM"
"RLN1",1,"RLN1"
"RMDN2",1,"RMDN2"
"RMI1",1,"RMI1"
"RNF10",1,"RNF10"
"RNF111",1,"RNF111"
"RNF13",1,"RNF13"
"RNF139",1,"RNF139"
"RNF146",1,"RNF146"
"RNF148",1,"RNF148"
"RNF17",1,"RNF17"
"RNF170",1,"RNF170"
"RNF34",1,"RNF34"
"RNF39",1,"RNF39"
"RNF7",1,"RNF7"
"RNMT",1,"RNMT"
"RNPEPL1",1,"RNPEPL1"
"ROBO2",1,"ROBO2"
"ROCK1",1,"ROCK1"
"ROM1",1,"ROM1"
"ROPN1",1,"ROPN1"
"ROPN1B",1,"ROPN1B"
"RORB",1,"RORB"
"RP11-240B13.2",1,"RP11-240B13.2"
"RPAIN",1,"RPAIN"
"RPE",1,"RPE"
"RPGR",1,"RPGR"
"RPGRIP1",1,"RPGRIP1"
"RPGRIP1L",1,"RPGRIP1L"
"RPL10A",1,"RPL10A"
"RPL12",1,"RPL12"
"RPL13A",1,"RPL13A"
"RPL18A",1,"RPL18A"
"RPL22",1,"RPL22"
"RPL22L1",1,"RPL22L1"
"RPL36AL",1,"RPL36AL"
"RPL4",1,"RPL4"
"RPL9",1,"RPL9"
"RPRD1B",1,"RPRD1B"
"RPS2",1,"RPS2"
"RPS4X",1,"RPS4X"
"RPS6KA4",1,"RPS6KA4"
"RPS6KB2",1,"RPS6KB2"
"RPTN",1,"RPTN"
"RPTOR",1,"RPTOR"
"RPUSD1",1,"RPUSD1"
"RRAGD",1,"RRAGD"
"RRN3",1,"RRN3"
"RRP1",1,"RRP1"
"RRP12",1,"RRP12"
"RRP8",1,"RRP8"
"RRP9",1,"RRP9"
"RSBN1",1,"RSBN1"
"RSBN1L",1,"RSBN1L"
"RSPH3",1,"RSPH3"
"RSRC2",1,"RSRC2"
"RSU1",1,"RSU1"
"RTKN",1,"RTKN"
"RTN3",1,"RTN3"
"RTN4RL1",1,"RTN4RL1"
"RTN4RL2",1,"RTN4RL2"
"RTP1",1,"RTP1"
"RUFY2",1,"RUFY2"
"RUFY3",1,"RUFY3"
"RUNDC1",1,"RUNDC1"
"RUNX1T1",1,"RUNX1T1"
"RUNX2",1,"RUNX2"
"RUSC1",1,"RUSC1"
"RXFP1",1,"RXFP1"
"RXFP2",1,"RXFP2"
"RYR3",1,"RYR3"
"S100A7",1,"S100A7"
"S100PBP",1,"S100PBP"
"S1PR1",1,"S1PR1"
"S1PR5",1,"S1PR5"
"SAAL1",1,"SAAL1"
"SACM1L",1,"SACM1L"
"SAMD3",1,"SAMD3"
"SAMD9",1,"SAMD9"
"SAMSN1",1,"SAMSN1"
"SAP130",1,"SAP130"
"SARAF",1,"SARAF"
"SARDH",1,"SARDH"
"SASH3",1,"SASH3"
"SAXO2",1,"SAXO2"
"SBF2",1,"SBF2"
"SCAF11",1,"SCAF11"
"SCAF8",1,"SCAF8"
"SCAI",1,"SCAI"
"SCAPER",1,"SCAPER"
"SCARB2",1,"SCARB2"
"SCEL",1,"SCEL"
"SCIN",1,"SCIN"
"SCML2",1,"SCML2"
"SCN11A",1,"SCN11A"
"SCN5A",1,"SCN5A"
"SCN7A",1,"SCN7A"
"SCN8A",1,"SCN8A"
"SCPEP1",1,"SCPEP1"
"SDAD1",1,"SDAD1"
"SDC1",1,"SDC1"
"SDC2",1,"SDC2"
"SDC3",1,"SDC3"
"SDC4",1,"SDC4"
"SDCBP2",1,"SDCBP2"
"SDCCAG8",1,"SDCCAG8"
"SDHAF2",1,"SDHAF2"
"SDK2",1,"SDK2"
"SDPR",1,"SDPR"
"SDS",1,"SDS"
"SEC23A",1,"SEC23A"
"SEC24B",1,"SEC24B"
"SEC24D",1,"SEC24D"
"SECISBP2",1,"SECISBP2"
"SECISBP2L",1,"SECISBP2L"
"SEL1L2",1,"SEL1L2"
"SEL1L3",1,"SEL1L3"
"SELENBP1",1,"SELENBP1"
"SEMA3A",1,"SEMA3A"
"SEMA3B",1,"SEMA3B"
"SEMA4B",1,"SEMA4B"
"SEMA6B",1,"SEMA6B"
"SEMA7A",1,"SEMA7A"
"SEMG1",1,"SEMG1"
"SENP1",1,"SENP1"
"SENP5",1,"SENP5"
"SEPSECS",1,"SEPSECS"
"SEPT10",1,"SEPT10"
"SEPT5",1,"SEPT5"
"SEPT6",1,"SEPT6"
"SEPT9",1,"SEPT9"
"SERPINA1",1,"SERPINA1"
"SERPINB11",1,"SERPINB11"
"SERPINB3",1,"SERPINB3"
"SERPINC1",1,"SERPINC1"
"SERPINE3",1,"SERPINE3"
"SERPING1",1,"SERPING1"
"SERPINH1",1,"SERPINH1"
"SERTAD3",1,"SERTAD3"
"SESN3",1,"SESN3"
"SESTD1",1,"SESTD1"
"SETD1A",1,"SETD1A"
"SETDB1",1,"SETDB1"
"SETX",1,"SETX"
"SF3A1",1,"SF3A1"
"SGCB",1,"SGCB"
"SGCE",1,"SGCE"
"SGK223",1,"SGK223"
"SGTB",1,"SGTB"
"SH2D2A",1,"SH2D2A"
"SH2D3C",1,"SH2D3C"
"SH2D4A",1,"SH2D4A"
"SH2D6",1,"SH2D6"
"SH3BP4",1,"SH3BP4"
"SH3GL2",1,"SH3GL2"
"SH3GL3",1,"SH3GL3"
"SH3GLB2",1,"SH3GLB2"
"SH3KBP1",1,"SH3KBP1"
"SH3PXD2B",1,"SH3PXD2B"
"SH3RF1",1,"SH3RF1"
"SH3TC1",1,"SH3TC1"
"SHANK1",1,"SHANK1"
"SHANK2",1,"SHANK2"
"SHCBP1",1,"SHCBP1"
"SHPRH",1,"SHPRH"
"SHROOM1",1,"SHROOM1"
"SHROOM3",1,"SHROOM3"
"SIAE",1,"SIAE"
"SIDT1",1,"SIDT1"
"SIDT2",1,"SIDT2"
"SIGLEC6",1,"SIGLEC6"
"SIL1",1,"SIL1"
"SIM1",1,"SIM1"
"SIN3A",1,"SIN3A"
"SIPA1L2",1,"SIPA1L2"
"SIRPG",1,"SIRPG"
"SIRT4",1,"SIRT4"
"SIX5",1,"SIX5"
"SKA2",1,"SKA2"
"SKAP2",1,"SKAP2"
"SKIDA1",1,"SKIDA1"
"SKOR1",1,"SKOR1"
"SLA",1,"SLA"
"SLAIN1",1,"SLAIN1"
"SLAIN2",1,"SLAIN2"
"SLAMF8",1,"SLAMF8"
"SLC10A5",1,"SLC10A5"
"SLC12A5",1,"SLC12A5"
"SLC17A2",1,"SLC17A2"
"SLC17A4",1,"SLC17A4"
"SLC17A6",1,"SLC17A6"
"SLC17A7",1,"SLC17A7"
"SLC19A2",1,"SLC19A2"
"SLC1A2",1,"SLC1A2"
"SLC22A16",1,"SLC22A16"
"SLC22A3",1,"SLC22A3"
"SLC22A6",1,"SLC22A6"
"SLC23A2",1,"SLC23A2"
"SLC24A1",1,"SLC24A1"
"SLC24A5",1,"SLC24A5"
"SLC25A10",1,"SLC25A10"
"SLC25A12",1,"SLC25A12"
"SLC25A13",1,"SLC25A13"
"SLC25A15",1,"SLC25A15"
"SLC25A17",1,"SLC25A17"
"SLC25A33",1,"SLC25A33"
"SLC25A43",1,"SLC25A43"
"SLC26A2",1,"SLC26A2"
"SLC26A6",1,"SLC26A6"
"SLC26A8",1,"SLC26A8"
"SLC26A9",1,"SLC26A9"
"SLC27A2",1,"SLC27A2"
"SLC27A3",1,"SLC27A3"
"SLC28A1",1,"SLC28A1"
"SLC28A2",1,"SLC28A2"
"SLC29A1",1,"SLC29A1"
"SLC2A14",1,"SLC2A14"
"SLC2A2",1,"SLC2A2"
"SLC2A9",1,"SLC2A9"
"SLC30A4",1,"SLC30A4"
"SLC31A2",1,"SLC31A2"
"SLC35D2",1,"SLC35D2"
"SLC35E3",1,"SLC35E3"
"SLC35F4",1,"SLC35F4"
"SLC38A6",1,"SLC38A6"
"SLC38A7",1,"SLC38A7"
"SLC39A14",1,"SLC39A14"
"SLC3A1",1,"SLC3A1"
"SLC3A2",1,"SLC3A2"
"SLC40A1",1,"SLC40A1"
"SLC41A1",1,"SLC41A1"
"SLC41A3",1,"SLC41A3"
"SLC43A2",1,"SLC43A2"
"SLC44A2",1,"SLC44A2"
"SLC46A1",1,"SLC46A1"
"SLC46A3",1,"SLC46A3"
"SLC47A1",1,"SLC47A1"
"SLC4A10",1,"SLC4A10"
"SLC4A4",1,"SLC4A4"
"SLC4A8",1,"SLC4A8"
"SLC50A1",1,"SLC50A1"
"SLC52A3",1,"SLC52A3"
"SLC5A10",1,"SLC5A10"
"SLC5A5",1,"SLC5A5"
"SLC5A8",1,"SLC5A8"
"SLC6A14",1,"SLC6A14"
"SLC6A16",1,"SLC6A16"
"SLC6A18",1,"SLC6A18"
"SLC6A2",1,"SLC6A2"
"SLC7A11",1,"SLC7A11"
"SLC7A13",1,"SLC7A13"
"SLC7A4",1,"SLC7A4"
"SLC8A1",1,"SLC8A1"
"SLC8A3",1,"SLC8A3"
"SLC9A1",1,"SLC9A1"
"SLC9A2",1,"SLC9A2"
"SLC9A6",1,"SLC9A6"
"SLC9A8",1,"SLC9A8"
"SLC9B2",1,"SLC9B2"
"SLCO1B1",1,"SLCO1B1"
"SLCO1B3",1,"SLCO1B3"
"SLCO2A1",1,"SLCO2A1"
"SLCO4C1",1,"SLCO4C1"
"SLCO6A1",1,"SLCO6A1"
"SLITRK1",1,"SLITRK1"
"SLITRK6",1,"SLITRK6"
"SLMAP",1,"SLMAP"
"SLTM",1,"SLTM"
"SLX4",1,"SLX4"
"SMAD2",1,"SMAD2"
"SMAD9",1,"SMAD9"
"SMARCAD1",1,"SMARCAD1"
"SMARCD3",1,"SMARCD3"
"SMC1B",1,"SMC1B"
"SMC4",1,"SMC4"
"SMC5",1,"SMC5"
"SMCR8",1,"SMCR8"
"SMEK2",1,"SMEK2"
"SMG5",1,"SMG5"
"SMPD4",1,"SMPD4"
"SMPDL3B",1,"SMPDL3B"
"SMUG1",1,"SMUG1"
"SMURF2",1,"SMURF2"
"SNAP47",1,"SNAP47"
"SND1",1,"SND1"
"SNRNP200",1,"SNRNP200"
"SNRNP27",1,"SNRNP27"
"SNRNP35",1,"SNRNP35"
"SNRNP48",1,"SNRNP48"
"SNRNP70",1,"SNRNP70"
"SNX19",1,"SNX19"
"SNX2",1,"SNX2"
"SNX20",1,"SNX20"
"SNX25",1,"SNX25"
"SNX27",1,"SNX27"
"SNX7",1,"SNX7"
"SOBP",1,"SOBP"
"SOD1",1,"SOD1"
"SOD2",1,"SOD2"
"SOGA1",1,"SOGA1"
"SOGA3",1,"SOGA3"
"SORBS3",1,"SORBS3"
"SOS2",1,"SOS2"
"SOSTDC1",1,"SOSTDC1"
"SOWAHD",1,"SOWAHD"
"SOX12",1,"SOX12"
"SOX2",1,"SOX2"
"SOX30",1,"SOX30"
"SP1",1,"SP1"
"SP140",1,"SP140"
"SP140L",1,"SP140L"
"SP3",1,"SP3"
"SPAG17",1,"SPAG17"
"SPAG6",1,"SPAG6"
"SPAM1",1,"SPAM1"
"SPANXB1",1,"SPANXB1"
"SPATA13",1,"SPATA13"
"SPATA17",1,"SPATA17"
"SPATA2",1,"SPATA2"
"SPATA22",1,"SPATA22"
"SPATA25",1,"SPATA25"
"SPATA31A1",1,"SPATA31A1"
"SPATA31D1",1,"SPATA31D1"
"SPATA32",1,"SPATA32"
"SPATA7",1,"SPATA7"
"SPATA8",1,"SPATA8"
"SPATS1",1,"SPATS1"
"SPDYA",1,"SPDYA"
"SPECC1L",1,"SPECC1L"
"SPG11",1,"SPG11"
"SPG21",1,"SPG21"
"SPIB",1,"SPIB"
"SPIN1",1,"SPIN1"
"SPINK5",1,"SPINK5"
"SPINK9",1,"SPINK9"
"SPNS1",1,"SPNS1"
"SPOCD1",1,"SPOCD1"
"SPOCK3",1,"SPOCK3"
"SPOP",1,"SPOP"
"SPRED2",1,"SPRED2"
"SPTAN1",1,"SPTAN1"
"SPTB",1,"SPTB"
"SPTBN1",1,"SPTBN1"
"SPTBN5",1,"SPTBN5"
"SPTY2D1",1,"SPTY2D1"
"SRC",1,"SRC"
"SREK1",1,"SREK1"
"SRGAP3",1,"SRGAP3"
"SRP68",1,"SRP68"
"SRP72",1,"SRP72"
"SRPR",1,"SRPR"
"SRPX",1,"SRPX"
"SRPX2",1,"SRPX2"
"SRR",1,"SRR"
"SRRM1",1,"SRRM1"
"SRSF11",1,"SRSF11"
"SRSF12",1,"SRSF12"
"SSBP2",1,"SSBP2"
"SSFA2",1,"SSFA2"
"SSTR2",1,"SSTR2"
"SSX1",1,"SSX1"
"ST5",1,"ST5"
"ST6GALNAC2",1,"ST6GALNAC2"
"ST6GALNAC4",1,"ST6GALNAC4"
"ST6GALNAC6",1,"ST6GALNAC6"
"ST7",1,"ST7"
"ST8SIA3",1,"ST8SIA3"
"ST8SIA6",1,"ST8SIA6"
"STAB1",1,"STAB1"
"STAC2",1,"STAC2"
"STAC3",1,"STAC3"
"STAG1",1,"STAG1"
"STAG2",1,"STAG2"
"STAG3",1,"STAG3"
"STAM2",1,"STAM2"
"STAR",1,"STAR"
"STARD3",1,"STARD3"
"STARD8",1,"STARD8"
"STAT2",1,"STAT2"
"STAT4",1,"STAT4"
"STATH",1,"STATH"
"STC2",1,"STC2"
"STEAP2",1,"STEAP2"
"STEAP3",1,"STEAP3"
"STIM1",1,"STIM1"
"STK25",1,"STK25"
"STK26",1,"STK26"
"STK31",1,"STK31"
"STOML1",1,"STOML1"
"STOML2",1,"STOML2"
"STON1-GTF2A1L",1,"STON1-GTF2A1L"
"STON2",1,"STON2"
"STOX2",1,"STOX2"
"STRA6",1,"STRA6"
"STT3B",1,"STT3B"
"STUB1",1,"STUB1"
"STX16",1,"STX16"
"STX19",1,"STX19"
"STX4",1,"STX4"
"STX7",1,"STX7"
"STXBP3",1,"STXBP3"
"STXBP4",1,"STXBP4"
"SUCO",1,"SUCO"
"SUFU",1,"SUFU"
"SUGP1",1,"SUGP1"
"SULT2A1",1,"SULT2A1"
"SUPT16H",1,"SUPT16H"
"SUPT6H",1,"SUPT6H"
"SUSD2",1,"SUSD2"
"SUV39H2",1,"SUV39H2"
"SUV420H1",1,"SUV420H1"
"SUV420H2",1,"SUV420H2"
"SUZ12",1,"SUZ12"
"SV2C",1,"SV2C"
"SVOPL",1,"SVOPL"
"SWSAP1",1,"SWSAP1"
"SYCE1",1,"SYCE1"
"SYCP2",1,"SYCP2"
"SYNCRIP",1,"SYNCRIP"
"SYNE3",1,"SYNE3"
"SYNGR4",1,"SYNGR4"
"SYNJ1",1,"SYNJ1"
"SYT1",1,"SYT1"
"SYT12",1,"SYT12"
"SYT16",1,"SYT16"
"SYT17",1,"SYT17"
"SYTL2",1,"SYTL2"
"SYTL4",1,"SYTL4"
"SYTL5",1,"SYTL5"
"T",1,"T"
"TADA2A",1,"TADA2A"
"TAF1B",1,"TAF1B"
"TAF5",1,"TAF5"
"TAF5L",1,"TAF5L"
"TALDO1",1,"TALDO1"
"TAMM41",1,"TAMM41"
"TANC1",1,"TANC1"
"TAOK1",1,"TAOK1"
"TAP1",1,"TAP1"
"TAPBP",1,"TAPBP"
"TAS1R2",1,"TAS1R2"
"TAS1R3",1,"TAS1R3"
"TAS2R1",1,"TAS2R1"
"TAS2R31",1,"TAS2R31"
"TAS2R42",1,"TAS2R42"
"TAS2R7",1,"TAS2R7"
"TATDN3",1,"TATDN3"
"TBC1D1",1,"TBC1D1"
"TBC1D14",1,"TBC1D14"
"TBC1D16",1,"TBC1D16"
"TBC1D22B",1,"TBC1D22B"
"TBC1D2B",1,"TBC1D2B"
"TBC1D4",1,"TBC1D4"
"TBC1D9B",1,"TBC1D9B"
"TBCEL",1,"TBCEL"
"TBCK",1,"TBCK"
"TBL1Y",1,"TBL1Y"
"TBL3",1,"TBL3"
"TBX15",1,"TBX15"
"TBX19",1,"TBX19"
"TBX20",1,"TBX20"
"TBX22",1,"TBX22"
"TBX3",1,"TBX3"
"TBX5",1,"TBX5"
"TCAF1",1,"TCAF1"
"TCAP",1,"TCAP"
"TCEAL2",1,"TCEAL2"
"TCEAL3",1,"TCEAL3"
"TCEAL5",1,"TCEAL5"
"TCEAL6",1,"TCEAL6"
"TCEB3",1,"TCEB3"
"TCEB3B",1,"TCEB3B"
"TCERG1",1,"TCERG1"
"TCF3",1,"TCF3"
"TCF7L2",1,"TCF7L2"
"TCHP",1,"TCHP"
"TCN1",1,"TCN1"
"TCP11L1",1,"TCP11L1"
"TCP11L2",1,"TCP11L2"
"TCTE1",1,"TCTE1"
"TDO2",1,"TDO2"
"TDRD5",1,"TDRD5"
"TEAD4",1,"TEAD4"
"TECR",1,"TECR"
"TECTA",1,"TECTA"
"TEP1",1,"TEP1"
"TES",1,"TES"
"TESK2",1,"TESK2"
"TESPA1",1,"TESPA1"
"TEX101",1,"TEX101"
"TEX11",1,"TEX11"
"TF",1,"TF"
"TFAP2D",1,"TFAP2D"
"TFPI2",1,"TFPI2"
"TFR2",1,"TFR2"
"TGFBR2",1,"TGFBR2"
"TGFBRAP1",1,"TGFBRAP1"
"TGM4",1,"TGM4"
"TGOLN2",1,"TGOLN2"
"THADA",1,"THADA"
"THAP5",1,"THAP5"
"THAP7",1,"THAP7"
"THAP9",1,"THAP9"
"THBS1",1,"THBS1"
"THBS3",1,"THBS3"
"THEG",1,"THEG"
"THEMIS",1,"THEMIS"
"THOC1",1,"THOC1"
"THOC5",1,"THOC5"
"THPO",1,"THPO"
"THSD1",1,"THSD1"
"THUMPD3",1,"THUMPD3"
"TICAM1",1,"TICAM1"
"TIGD2",1,"TIGD2"
"TIGD7",1,"TIGD7"
"TIMM44",1,"TIMM44"
"TIMMDC1",1,"TIMMDC1"
"TIPARP",1,"TIPARP"
"TIPIN",1,"TIPIN"
"TJP3",1,"TJP3"
"TKTL2",1,"TKTL2"
"TLDC1",1,"TLDC1"
"TLE3",1,"TLE3"
"TLK1",1,"TLK1"
"TLL1",1,"TLL1"
"TLL2",1,"TLL2"
"TLR1",1,"TLR1"
"TLR10",1,"TLR10"
"TLR3",1,"TLR3"
"TLR4",1,"TLR4"
"TLR6",1,"TLR6"
"TM2D3",1,"TM2D3"
"TM4SF18",1,"TM4SF18"
"TMBIM4",1,"TMBIM4"
"TMC5",1,"TMC5"
"TMC8",1,"TMC8"
"TMEM100",1,"TMEM100"
"TMEM109",1,"TMEM109"
"TMEM145",1,"TMEM145"
"TMEM171",1,"TMEM171"
"TMEM176B",1,"TMEM176B"
"TMEM181",1,"TMEM181"
"TMEM189-UBE2V1",1,"TMEM189-UBE2V1"
"TMEM192",1,"TMEM192"
"TMEM225",1,"TMEM225"
"TMEM255B",1,"TMEM255B"
"TMEM257",1,"TMEM257"
"TMEM261",1,"TMEM261"
"TMEM35",1,"TMEM35"
"TMEM38A",1,"TMEM38A"
"TMEM47",1,"TMEM47"
"TMEM5",1,"TMEM5"
"TMEM50B",1,"TMEM50B"
"TMEM53",1,"TMEM53"
"TMEM54",1,"TMEM54"
"TMEM60",1,"TMEM60"
"TMEM62",1,"TMEM62"
"TMEM63B",1,"TMEM63B"
"TMEM67",1,"TMEM67"
"TMEM71",1,"TMEM71"
"TMEM8C",1,"TMEM8C"
"TMLHE",1,"TMLHE"
"TMOD1",1,"TMOD1"
"TMPRSS11A",1,"TMPRSS11A"
"TMPRSS11B",1,"TMPRSS11B"
"TMPRSS11E",1,"TMPRSS11E"
"TMPRSS11F",1,"TMPRSS11F"
"TMTC4",1,"TMTC4"
"TMX3",1,"TMX3"
"TNFRSF1A",1,"TNFRSF1A"
"TNFSF15",1,"TNFSF15"
"TNFSF4",1,"TNFSF4"
"TNKS1BP1",1,"TNKS1BP1"
"TNNT3",1,"TNNT3"
"TNPO2",1,"TNPO2"
"TNRC18",1,"TNRC18"
"TNRC6A",1,"TNRC6A"
"TNS1",1,"TNS1"
"TNS2",1,"TNS2"
"TOM1L2",1,"TOM1L2"
"TOMM20L",1,"TOMM20L"
"TONSL",1,"TONSL"
"TOP2B",1,"TOP2B"
"TOX3",1,"TOX3"
"TPH2",1,"TPH2"
"TPM3",1,"TPM3"
"TPO",1,"TPO"
"TPP1",1,"TPP1"
"TPTE2",1,"TPTE2"
"TRAF1",1,"TRAF1"
"TRAF4",1,"TRAF4"
"TRAK1",1,"TRAK1"
"TRANK1",1,"TRANK1"
"TRAPPC10",1,"TRAPPC10"
"TRAPPC5",1,"TRAPPC5"
"TRAPPC9",1,"TRAPPC9"
"TRAV23DV6",1,"TRAV23DV6"
"TRAV36DV7",1,"TRAV36DV7"
"TRAV9-2",1,"TRAV9-2"
"TRBV19",1,"TRBV19"
"TRGV4",1,"TRGV4"
"TRIB3",1,"TRIB3"
"TRIM15",1,"TRIM15"
"TRIM23",1,"TRIM23"
"TRIM28",1,"TRIM28"
"TRIM33",1,"TRIM33"
"TRIM39",1,"TRIM39"
"TRIM43",1,"TRIM43"
"TRIM46",1,"TRIM46"
"TRIM47",1,"TRIM47"
"TRIM49C",1,"TRIM49C"
"TRIM51",1,"TRIM51"
"TRIM58",1,"TRIM58"
"TRIM6",1,"TRIM6"
"TRIM6-TRIM34",1,"TRIM6-TRIM34"
"TRIML1",1,"TRIML1"
"TRIOBP",1,"TRIOBP"
"TRIP12",1,"TRIP12"
"TRMT13",1,"TRMT13"
"TRO",1,"TRO"
"TRPC7",1,"TRPC7"
"TRPM2",1,"TRPM2"
"TRPM3",1,"TRPM3"
"TRPM4",1,"TRPM4"
"TRPM5",1,"TRPM5"
"TRPV2",1,"TRPV2"
"TRPV3",1,"TRPV3"
"TRPV5",1,"TRPV5"
"TRRAP",1,"TRRAP"
"TSC22D2",1,"TSC22D2"
"TSFM",1,"TSFM"
"TSGA10",1,"TSGA10"
"TSGA13",1,"TSGA13"
"TSHR",1,"TSHR"
"TSHZ2",1,"TSHZ2"
"TSKS",1,"TSKS"
"TSPAN14",1,"TSPAN14"
"TSPAN6",1,"TSPAN6"
"TSPAN8",1,"TSPAN8"
"TSPY2",1,"TSPY2"
"TSPYL1",1,"TSPYL1"
"TSPYL2",1,"TSPYL2"
"TTBK2",1,"TTBK2"
"TTC12",1,"TTC12"
"TTC16",1,"TTC16"
"TTC21B",1,"TTC21B"
"TTC27",1,"TTC27"
"TTC3",1,"TTC3"
"TTC30B",1,"TTC30B"
"TTC36",1,"TTC36"
"TTC38",1,"TTC38"
"TTC8",1,"TTC8"
"TTC9B",1,"TTC9B"
"TTI1",1,"TTI1"
"TTLL3",1,"TTLL3"
"TTPA",1,"TTPA"
"TUBA3C",1,"TUBA3C"
"TUBB2B",1,"TUBB2B"
"TUBB4A",1,"TUBB4A"
"TUBB4B",1,"TUBB4B"
"TUBE1",1,"TUBE1"
"TUBG1",1,"TUBG1"
"TUBGCP4",1,"TUBGCP4"
"TUBGCP6",1,"TUBGCP6"
"TULP1",1,"TULP1"
"TULP4",1,"TULP4"
"TWF1",1,"TWF1"
"TWIST1",1,"TWIST1"
"TWISTNB",1,"TWISTNB"
"TXNDC16",1,"TXNDC16"
"TXNDC2",1,"TXNDC2"
"TXNL1",1,"TXNL1"
"TYK2",1,"TYK2"
"TYMP",1,"TYMP"
"TYRO3",1,"TYRO3"
"TYRP1",1,"TYRP1"
"TYW1",1,"TYW1"
"TYW5",1,"TYW5"
"U2AF2",1,"U2AF2"
"UBA6",1,"UBA6"
"UBA7",1,"UBA7"
"UBC",1,"UBC"
"UBE2F",1,"UBE2F"
"UBE2J1",1,"UBE2J1"
"UBE2O",1,"UBE2O"
"UBE2Q2",1,"UBE2Q2"
"UBE2R2",1,"UBE2R2"
"UBE3D",1,"UBE3D"
"UBE4A",1,"UBE4A"
"UBLCP1",1,"UBLCP1"
"UBN1",1,"UBN1"
"UBN2",1,"UBN2"
"UBQLN1",1,"UBQLN1"
"UBQLN2",1,"UBQLN2"
"UBR2",1,"UBR2"
"UBR3",1,"UBR3"
"UBR7",1,"UBR7"
"UBXN2A",1,"UBXN2A"
"UBXN4",1,"UBXN4"
"UBXN6",1,"UBXN6"
"UFL1",1,"UFL1"
"UGT1A3",1,"UGT1A3"
"UGT1A4",1,"UGT1A4"
"UGT2A1",1,"UGT2A1"
"UGT2B10",1,"UGT2B10"
"UGT2B15",1,"UGT2B15"
"UHRF1BP1L",1,"UHRF1BP1L"
"UHRF2",1,"UHRF2"
"ULBP1",1,"ULBP1"
"ULK2",1,"ULK2"
"ULK4",1,"ULK4"
"UNC13A",1,"UNC13A"
"UNC13B",1,"UNC13B"
"UNC13C",1,"UNC13C"
"UNC45B",1,"UNC45B"
"UNC5A",1,"UNC5A"
"UNG",1,"UNG"
"UPF2",1,"UPF2"
"UQCRC2",1,"UQCRC2"
"UROC1",1,"UROC1"
"USH1G",1,"USH1G"
"USP1",1,"USP1"
"USP2",1,"USP2"
"USP25",1,"USP25"
"USP26",1,"USP26"
"USP28",1,"USP28"
"USP37",1,"USP37"
"USP40",1,"USP40"
"USP44",1,"USP44"
"USP48",1,"USP48"
"USP49",1,"USP49"
"USP5",1,"USP5"
"USP51",1,"USP51"
"USP8",1,"USP8"
"UTP11L",1,"UTP11L"
"UTP14C",1,"UTP14C"
"UTP6",1,"UTP6"
"UVSSA",1,"UVSSA"
"VAMP3",1,"VAMP3"
"VANGL1",1,"VANGL1"
"VAV2",1,"VAV2"
"VBP1",1,"VBP1"
"VCP",1,"VCP"
"VDAC1",1,"VDAC1"
"VDAC3",1,"VDAC3"
"VEGFA",1,"VEGFA"
"VEZT",1,"VEZT"
"VGLL3",1,"VGLL3"
"VLDLR",1,"VLDLR"
"VMO1",1,"VMO1"
"VMP1",1,"VMP1"
"VN1R1",1,"VN1R1"
"VNN1",1,"VNN1"
"VNN2",1,"VNN2"
"VNN3",1,"VNN3"
"VPS16",1,"VPS16"
"VPS4B",1,"VPS4B"
"VPS52",1,"VPS52"
"VSIG2",1,"VSIG2"
"VTA1",1,"VTA1"
"VTI1A",1,"VTI1A"
"VTN",1,"VTN"
"VWA9",1,"VWA9"
"VWF",1,"VWF"
"WARS",1,"WARS"
"WASF2",1,"WASF2"
"WASL",1,"WASL"
"WDHD1",1,"WDHD1"
"WDPCP",1,"WDPCP"
"WDR3",1,"WDR3"
"WDR36",1,"WDR36"
"WDR45",1,"WDR45"
"WDR45B",1,"WDR45B"
"WDR54",1,"WDR54"
"WDR59",1,"WDR59"
"WDR5B",1,"WDR5B"
"WDR60",1,"WDR60"
"WDR62",1,"WDR62"
"WDR64",1,"WDR64"
"WDR66",1,"WDR66"
"WDR72",1,"WDR72"
"WDR75",1,"WDR75"
"WDR89",1,"WDR89"
"WDR90",1,"WDR90"
"WDTC1",1,"WDTC1"
"WFDC3",1,"WFDC3"
"WFS1",1,"WFS1"
"WHSC1",1,"WHSC1"
"WI2-3308P17.2",1,"WI2-3308P17.2"
"WIPF1",1,"WIPF1"
"WIPF2",1,"WIPF2"
"WLS",1,"WLS"
"WNK1",1,"WNK1"
"WNK4",1,"WNK4"
"WNT11",1,"WNT11"
"WNT16",1,"WNT16"
"WNT5B",1,"WNT5B"
"WNT8B",1,"WNT8B"
"WT1",1,"WT1"
"XDH",1,"XDH"
"XKR4",1,"XKR4"
"XPNPEP1",1,"XPNPEP1"
"XPO4",1,"XPO4"
"XPO5",1,"XPO5"
"XPO6",1,"XPO6"
"XPO7",1,"XPO7"
"XPOT",1,"XPOT"
"XPR1",1,"XPR1"
"XRCC3",1,"XRCC3"
"XYLB",1,"XYLB"
"XYLT2",1,"XYLT2"
"YAE1D1",1,"YAE1D1"
"YBX2",1,"YBX2"
"YEATS2",1,"YEATS2"
"YIF1A",1,"YIF1A"
"YIF1B",1,"YIF1B"
"YWHAE",1,"YWHAE"
"YWHAH",1,"YWHAH"
"YWHAZ",1,"YWHAZ"
"YY2",1,"YY2"
"ZAN",1,"ZAN"
"ZBBX",1,"ZBBX"
"ZBTB1",1,"ZBTB1"
"ZBTB10",1,"ZBTB10"
"ZBTB12",1,"ZBTB12"
"ZBTB18",1,"ZBTB18"
"ZBTB2",1,"ZBTB2"
"ZBTB32",1,"ZBTB32"
"ZBTB38",1,"ZBTB38"
"ZBTB39",1,"ZBTB39"
"ZBTB40",1,"ZBTB40"
"ZBTB43",1,"ZBTB43"
"ZBTB8OS",1,"ZBTB8OS"
"ZC3H11A",1,"ZC3H11A"
"ZC3H12A",1,"ZC3H12A"
"ZC3H12B",1,"ZC3H12B"
"ZC3H12C",1,"ZC3H12C"
"ZC3H18",1,"ZC3H18"
"ZC3HC1",1,"ZC3HC1"
"ZCCHC10",1,"ZCCHC10"
"ZCCHC11",1,"ZCCHC11"
"ZCCHC14",1,"ZCCHC14"
"ZCCHC2",1,"ZCCHC2"
"ZCCHC6",1,"ZCCHC6"
"ZCCHC9",1,"ZCCHC9"
"ZCWPW1",1,"ZCWPW1"
"ZDHHC21",1,"ZDHHC21"
"ZDHHC23",1,"ZDHHC23"
"ZFAND1",1,"ZFAND1"
"ZFAND3",1,"ZFAND3"
"ZFAND5",1,"ZFAND5"
"ZFHX4",1,"ZFHX4"
"ZFP41",1,"ZFP41"
"ZFP90",1,"ZFP90"
"ZFPM2",1,"ZFPM2"
"ZFR2",1,"ZFR2"
"ZFX",1,"ZFX"
"ZFYVE1",1,"ZFYVE1"
"ZFYVE26",1,"ZFYVE26"
"ZFYVE28",1,"ZFYVE28"
"ZG16B",1,"ZG16B"
"ZGPAT",1,"ZGPAT"
"ZGRF1",1,"ZGRF1"
"ZIC2",1,"ZIC2"
"ZIK1",1,"ZIK1"
"ZKSCAN1",1,"ZKSCAN1"
"ZMPSTE24",1,"ZMPSTE24"
"ZMYND11",1,"ZMYND11"
"ZMYND12",1,"ZMYND12"
"ZNF101",1,"ZNF101"
"ZNF107",1,"ZNF107"
"ZNF117",1,"ZNF117"
"ZNF132",1,"ZNF132"
"ZNF141",1,"ZNF141"
"ZNF142",1,"ZNF142"
"ZNF143",1,"ZNF143"
"ZNF169",1,"ZNF169"
"ZNF181",1,"ZNF181"
"ZNF184",1,"ZNF184"
"ZNF185",1,"ZNF185"
"ZNF2",1,"ZNF2"
"ZNF207",1,"ZNF207"
"ZNF223",1,"ZNF223"
"ZNF225",1,"ZNF225"
"ZNF23",1,"ZNF23"
"ZNF236",1,"ZNF236"
"ZNF239",1,"ZNF239"
"ZNF250",1,"ZNF250"
"ZNF253",1,"ZNF253"
"ZNF26",1,"ZNF26"
"ZNF260",1,"ZNF260"
"ZNF263",1,"ZNF263"
"ZNF267",1,"ZNF267"
"ZNF275",1,"ZNF275"
"ZNF28",1,"ZNF28"
"ZNF280C",1,"ZNF280C"
"ZNF286A",1,"ZNF286A"
"ZNF30",1,"ZNF30"
"ZNF300",1,"ZNF300"
"ZNF302",1,"ZNF302"
"ZNF318",1,"ZNF318"
"ZNF334",1,"ZNF334"
"ZNF335",1,"ZNF335"
"ZNF341",1,"ZNF341"
"ZNF343",1,"ZNF343"
"ZNF350",1,"ZNF350"
"ZNF354B",1,"ZNF354B"
"ZNF354C",1,"ZNF354C"
"ZNF383",1,"ZNF383"
"ZNF384",1,"ZNF384"
"ZNF385B",1,"ZNF385B"
"ZNF397",1,"ZNF397"
"ZNF410",1,"ZNF410"
"ZNF415",1,"ZNF415"
"ZNF420",1,"ZNF420"
"ZNF426",1,"ZNF426"
"ZNF43",1,"ZNF43"
"ZNF438",1,"ZNF438"
"ZNF451",1,"ZNF451"
"ZNF462",1,"ZNF462"
"ZNF471",1,"ZNF471"
"ZNF48",1,"ZNF48"
"ZNF480",1,"ZNF480"
"ZNF484",1,"ZNF484"
"ZNF488",1,"ZNF488"
"ZNF490",1,"ZNF490"
"ZNF492",1,"ZNF492"
"ZNF497",1,"ZNF497"
"ZNF500",1,"ZNF500"
"ZNF503",1,"ZNF503"
"ZNF507",1,"ZNF507"
"ZNF512",1,"ZNF512"
"ZNF518A",1,"ZNF518A"
"ZNF525",1,"ZNF525"
"ZNF527",1,"ZNF527"
"ZNF534",1,"ZNF534"
"ZNF543",1,"ZNF543"
"ZNF559-ZNF177",1,"ZNF559-ZNF177"
"ZNF563",1,"ZNF563"
"ZNF564",1,"ZNF564"
"ZNF565",1,"ZNF565"
"ZNF567",1,"ZNF567"
"ZNF568",1,"ZNF568"
"ZNF573",1,"ZNF573"
"ZNF596",1,"ZNF596"
"ZNF598",1,"ZNF598"
"ZNF605",1,"ZNF605"
"ZNF607",1,"ZNF607"
"ZNF611",1,"ZNF611"
"ZNF613",1,"ZNF613"
"ZNF621",1,"ZNF621"
"ZNF639",1,"ZNF639"
"ZNF646",1,"ZNF646"
"ZNF655",1,"ZNF655"
"ZNF66",1,"ZNF66"
"ZNF660",1,"ZNF660"
"ZNF668",1,"ZNF668"
"ZNF677",1,"ZNF677"
"ZNF678",1,"ZNF678"
"ZNF679",1,"ZNF679"
"ZNF687",1,"ZNF687"
"ZNF688",1,"ZNF688"
"ZNF692",1,"ZNF692"
"ZNF7",1,"ZNF7"
"ZNF705D",1,"ZNF705D"
"ZNF709",1,"ZNF709"
"ZNF713",1,"ZNF713"
"ZNF735",1,"ZNF735"
"ZNF74",1,"ZNF74"
"ZNF749",1,"ZNF749"
"ZNF75D",1,"ZNF75D"
"ZNF76",1,"ZNF76"
"ZNF766",1,"ZNF766"
"ZNF781",1,"ZNF781"
"ZNF786",1,"ZNF786"
"ZNF791",1,"ZNF791"
"ZNF804B",1,"ZNF804B"
"ZNF827",1,"ZNF827"
"ZNF829",1,"ZNF829"
"ZNF830",1,"ZNF830"
"ZNF831",1,"ZNF831"
"ZNF835",1,"ZNF835"
"ZNF845",1,"ZNF845"
"ZNF852",1,"ZNF852"
"ZNF860",1,"ZNF860"
"ZNF91",1,"ZNF91"
"ZNFX1",1,"ZNFX1"
"ZNHIT2",1,"ZNHIT2"
"ZNHIT6",1,"ZNHIT6"
"ZPBP",1,"ZPBP"
"ZRANB2",1,"ZRANB2"
"ZRANB3",1,"ZRANB3"
"ZSCAN12",1,"ZSCAN12"
"ZSCAN29",1,"ZSCAN29"
"ZSCAN5A",1,"ZSCAN5A"
"ZSCAN5B",1,"ZSCAN5B"
"ZSWIM2",1,"ZSWIM2"
"ZSWIM8",1,"ZSWIM8"
"ZWILCH",1,"ZWILCH"
"ZXDC",1,"ZXDC"
"ZZEF1",1,"ZZEF1"
"ZZZ3",1,"ZZZ3"
"ACOT12",0,"ACOT12"
"CDK9",0,"CDK9"
"CHRNB3",0,"CHRNB3"
"COL22A1",0,"COL22A1"
"COL9A1",0,"COL9A1"
"DNAH6",0,"DNAH6"
"GRM2",0,"GRM2"
"GTDC1",0,"GTDC1"
"ITGAM",0,"ITGAM"
"MAP3K19",0,"MAP3K19"
"MRPS31",0,"MRPS31"
"OR51M1",0,"OR51M1"
"RABEP2",0,"RABEP2"
"SLC6A3",0,"SLC6A3"
"SPR",0,"SPR"
"UVRAG",0,"UVRAG"
"YEATS4",0,"YEATS4"
"ZBTB24",0,"ZBTB24"
"ZNF623",0,"ZNF623"
