,rowSums(tcga.mut.dat)
A2M,1
AAAS,1
AACS,1
AADACL2,1
AASDH,2
AASDHPPT,1
ABAT,1
ABCA10,1
ABCA12,4
ABCA13,1
ABCA2,1
ABCA5,2
ABCA6,1
ABCA9,2
ABCB11,4
ABCB5,2
ABCC10,1
ABCC2,2
ABCC9,2
ABCD1,3
ABCD4,1
ABCF1,1
ABCG8,2
ABHD14A-ACY1,1
ABHD16A,2
ABHD2,1
ABHD4,2
ABHD6,1
ABL2,1
ABLIM1,1
ABLIM2,1
ABO,1
ABR,1
ABTB2,1
AC004381.6,1
ACACB,1
ACAD10,2
ACAD11,1
ACAD9,1
ACADL,1
ACADSB,3
ACAN,1
ACAP1,1
ACAP2,1
ACBD5,1
ACBD6,1
ACD,1
ACKR4,1
ACOT12,0
ACOT7,1
ACSM5,1
ACSS3,1
ACTA1,1
ACTB,1
ACTBL2,1
ACTG1,1
ACTL6B,1
ACTL9,1
ACTR3B,1
ACTR6,1
ACVR2A,1
ACVR2B,1
ADAM11,1
ADAM12,1
ADAM15,1
ADAM18,1
ADAM2,1
ADAM8,1
ADAMDEC1,1
ADAMTS15,1
ADAMTS16,2
ADAMTS18,2
ADAMTS19,3
ADAMTS2,1
ADAMTS6,1
ADAMTS8,1
ADAMTS9,3
ADAMTSL1,1
ADAMTSL2,1
ADAMTSL3,2
ADAMTSL4,1
ADAR,1
ADARB1,1
ADARB2,1
ADAT1,1
ADCK1,1
ADCY10,1
ADCY2,1
ADCY7,1
ADD2,1
ADGRA1,1
ADGRA2,2
ADGRA3,1
ADGRB1,1
ADGRB2,1
ADGRB3,3
ADGRD1,1
ADGRF1,1
ADGRF3,1
ADGRF4,1
ADGRF5,1
ADGRG5,1
ADGRG6,1
ADGRG7,1
ADGRL2,2
ADGRV1,6
ADH1B,1
ADH4,1
ADH7,2
ADIPOR1,1
ADK,1
ADM,1
ADNP,1
ADO,2
ADPGK,1
ADPRM,1
ADRA1A,1
ADRA2B,1
ADSSL1,1
AFF2,2
AFM,3
AFMID,1
AFTPH,1
AGAP5,1
AGAP6,1
AGBL1,1
AGFG1,2
AGGF1,1
AGL,1
AGMO,1
AGPAT2,1
AGPAT6,1
AGPS,1
AGR2,1
AGXT2,1
AHCYL1,1
AHNAK,1
AHNAK2,2
AHR,1
AHRR,1
AICDA,1
AIFM3,1
AIM1,4
AJAP1,2
AK7,2
AK9,1
AKAP11,2
AKAP12,2
AKAP13,3
AKAP4,1
AKAP7,1
AKAP8,1
AKAP9,5
AKNAD1,1
AKR1D1,1
AKT1,5
AKT2,2
AKT3,1
ALB,1
ALCAM,1
ALDH18A1,1
ALDH1L1,1
ALDH2,2
ALDH3A2,1
ALDH5A1,1
ALDH6A1,1
ALDOB,1
ALG10B,1
ALG11,1
ALG13,2
ALG3,1
ALG8,1
ALK,1
ALKBH6,1
ALMS1,3
ALOX12B,2
ALOX5,1
ALOXE3,1
ALPK1,3
ALPK2,1
ALPK3,2
ALS2,1
ALS2CL,1
ALS2CR11,1
ALS2CR12,1
ALX3,1
AMBN,1
AMBP,1
AMDHD1,2
AMOTL1,1
AMOTL2,1
AMPD2,2
AMPD3,1
ANAPC2,1
ANAPC5,1
ANGEL2,1
ANGPT1,1
ANGPT2,2
ANGPTL1,1
ANGPTL2,1
ANGPTL4,1
ANGPTL7,1
ANK1,3
ANK2,2
ANK3,1
ANKAR,2
ANKEF1,1
ANKH,1
ANKHD1-EIF4EBP3,1
ANKIB1,1
ANKK1,1
ANKLE1,2
ANKMY1,2
ANKRD11,1
ANKRD12,3
ANKRD17,2
ANKRD20A1,1
ANKRD20A2,1
ANKRD24,1
ANKRD26,3
ANKRD28,1
ANKRD30A,3
ANKRD32,1
ANKRD35,2
ANKRD36,1
ANKRD42,1
ANKRD45,1
ANKRD50,1
ANKS1A,2
ANKS1B,1
ANKZF1,1
ANO2,1
ANO3,1
ANO5,1
ANO6,1
ANO8,1
ANP32A,1
ANPEP,1
ANTXR2,1
ANXA3,1
ANXA7,2
AOC1,3
AOX1,3
AP2A2,1
AP2B1,1
AP3B1,4
AP3D1,1
AP3M1,1
AP3M2,1
AP3S1,1
AP4B1,1
AP5B1,2
APAF1,1
APBB1,2
APC,5
APLF,1
APOA4,1
APOB,5
APOBEC1,1
APOBR,2
APOL2,1
APOL5,1
APOL6,1
APPBP2,1
APPL1,1
AQP4,1
AQP5,1
AQP6,1
AQP9,1
ARAP2,1
ARAP3,3
ARC,1
ARCN1,2
ARFGEF1,1
ARFGEF2,5
ARFGEF3,3
ARFIP1,1
ARFIP2,2
ARHGAP15,1
ARHGAP17,1
ARHGAP18,2
ARHGAP20,1
ARHGAP26,1
ARHGAP28,1
ARHGAP29,2
ARHGAP30,1
ARHGAP32,1
ARHGAP33,1
ARHGAP36,1
ARHGAP4,3
ARHGAP5,1
ARHGEF10,1
ARHGEF10L,1
ARHGEF12,1
ARHGEF15,1
ARHGEF18,1
ARHGEF2,1
ARHGEF39,1
ARHGEF4,1
ARHGEF40,2
ARHGEF5,1
ARHGEF6,1
ARHGEF7,1
ARID1B,1
ARID2,4
ARID3B,1
ARID4A,2
ARID5A,1
ARL14,1
ARMC1,1
ARMC12,1
ARMC3,2
ARMCX1,1
ARMCX2,1
ARMCX3,1
ARMT1,1
ARRB1,1
ARRDC2,1
ARRDC3,2
ARRDC4,1
ARRDC5,1
ARSF,1
ARSG,1
ARSH,1
ARSI,2
ARSJ,2
ARSK,1
ARVCF,1
ARX,1
ASAP1,2
ASAP2,1
ASB10,1
ASB12,2
ASCC3,1
ASH1L,1
ASIC4,1
ASMT,1
ASPDH,1
ASPM,2
ASRGL1,1
ASTN2,1
ASXL1,1
ATAD2,1
ATAD5,4
ATG12,1
ATG14,1
ATG2A,1
ATG2B,3
ATG3,1
ATIC,1
ATM,6
ATMIN,1
ATN1,2
ATP10B,1
ATP10D,2
ATP11B,2
ATP11C,2
ATP12A,2
ATP13A4,1
ATP13A5,2
ATP1A1,1
ATP1A2,2
ATP1B4,1
ATP2A2,1
ATP2B3,1
ATP2B4,2
ATP2C1,1
ATP2C2,1
ATP4A,2
ATP5B,1
ATP6V1A,1
ATP6V1B2,1
ATP6V1C1,1
ATP7B,1
ATP8B1,1
ATP8B3,1
ATP9B,1
ATPAF1,1
ATR,3
ATRX,3
ATXN2,1
ATXN2L,2
ATXN7,1
ATXN7L1,1
ATXN7L2,1
AUP1,1
AUTS2,1
AVP,1
AXIN1,1
AZGP1,1
B2M,1
B3GALT5,1
B3GAT1,1
B3GNT3,1
B3GNT5,2
B3GNTL1,1
B4GALNT3,1
BAAT,1
BACH1,3
BAD,2
BAG2,1
BANK1,1
BAZ1A,1
BAZ1B,1
BAZ2B,3
BBS12,2
BBS7,1
BCAN,1
BCAP29,2
BCAP31,1
BCAR3,2
BCAT1,2
BCCIP,1
BCHE,3
BCKDK,1
BCL11A,1
BCL2L12,3
BCL2L14,1
BCL6,1
BCL9,2
BCOR,1
BDH1,2
BDH2,1
BDP1,10
BECN1,1
BEND2,1
BEND3,1
BEND4,1
BEND6,1
BEST3,1
BFAR,2
BFSP2,2
BGN,2
BHLHE40,1
BICC1,1
BICD1,2
BIRC2,1
BIRC3,1
BIRC6,3
BLM,1
BLMH,1
BLZF1,2
BMP1,1
BMP2K,1
BMP6,1
BMS1,1
BNC2,3
BNIP1,1
BNIPL,1
BOC,1
BOD1L1,2
BOLL,1
BPI,1
BPIFB6,1
BPIFC,1
BPTF,5
BRAF,284
BRCA1,5
BRCA2,4
BRD3,1
BRD4,1
BRD7,1
BRD8,1
BRDT,1
BRF2,1
BRIP1,1
BRIX1,1
BRWD1,2
BRWD3,1
BSG,1
BSN,2
BSPRY,2
BTBD3,1
BTBD6,1
BTBD7,1
BTN2A1,1
BTN3A3,2
BZRAP1,1
C10orf11,1
C10orf12,2
C10orf2,2
C10orf62,1
C10orf71,1
C10orf76,1
C10orf90,2
C11orf58,1
C11orf63,1
C11orf70,1
C11orf74,1
C11orf87,3
C12orf40,1
C14orf166,1
C14orf183,1
C14orf79,1
C15orf39,1
C15orf57,1
C16orf46,1
C16orf58,1
C16orf72,2
C16orf86,2
C16orf91,1
C17orf59,1
C19orf35,1
C19orf52,1
C19orf57,1
C1orf101,1
C1orf112,1
C1orf141,1
C1orf210,1
C1orf27,1
C1orf74,1
C1QL4,1
C1R,2
C20orf141,1
C21orf2,1
C2CD3,4
C2CD5,1
C2orf15,1
C2orf16,2
C2orf44,1
C2orf83,1
C3,1
C3AR1,1
C3orf62,1
C4A,1
C4BPA,3
C4orf22,1
C4orf33,1
C5,1
C5orf42,3
C6,2
C6orf203,1
C6orf47,1
C7,1
C7orf33,1
C7orf57,1
C8orf34,1
C8orf46,1
C8orf58,1
C9,1
C9orf116,2
C9orf152,1
C9orf47,1
C9orf50,1
C9orf72,1
CA13,2
CAB39L,1
CACHD1,1
CACNA1A,2
CACNA1B,3
CACNA1C,1
CACNA1D,1
CACNA1E,3
CACNA1G,2
CACNA1H,1
CACNA1S,1
CACNA2D1,1
CACNA2D3,1
CACNA2D4,2
CACNG8,1
CACTIN,1
CACUL1,1
CAD,1
CADM1,1
CADPS2,1
CALCB,1
CALCR,1
CALCRL,1
CALD1,1
CALHM2,1
CAMK2A,1
CAMKK2,1
CAMKV,1
CAMP,1
CAMSAP2,2
CAND1,3
CAP2,1
CAPN13,1
CAPN15,1
CAPN9,1
CAPZA3,1
CARD10,2
CARD6,1
CARF,1
CARHSP1,1
CASC10,1
CASC5,3
CASD1,2
CASK,1
CASKIN1,1
CASKIN2,1
CASP10,1
CASP14,1
CASP5,1
CASP6,1
CASP8AP2,1
CAST,1
CASZ1,2
CATSPER4,2
CATSPERD,1
CATSPERG,1
CBFA2T2,1
CBLB,1
CBR1,1
CBWD1,1
CBWD3,1
CBX5,1
CBX6,1
CC2D1A,1
CC2D2A,1
CCAR1,1
CCAR2,1
CCBL2,2
CCDC110,1
CCDC112,1
CCDC122,1
CCDC129,2
CCDC132,1
CCDC136,3
CCDC14,1
CCDC144A,1
CCDC148,1
CCDC150,2
CCDC155,1
CCDC158,2
CCDC170,2
CCDC171,2
CCDC18,1
CCDC180,4
CCDC181,1
CCDC24,1
CCDC27,1
CCDC28A,1
CCDC30,4
CCDC38,1
CCDC39,2
CCDC42,1
CCDC6,2
CCDC62,1
CCDC63,1
CCDC67,1
CCDC68,1
CCDC73,1
CCDC80,1
CCDC82,1
CCDC88A,1
CCDC97,1
CCER1,1
CCKAR,1
CCL23,1
CCNG2,2
CCNJ,1
CCNT1,2
CCPG1,1
CCRN4L,1
CCT2,1
CCT5,1
CCT6B,1
CCT8,2
CD101,1
CD109,1
CD163,2
CD163L1,1
CD180,1
CD200R1L,1
CD248,1
CD38,2
CD3D,1
CD3G,1
CD40LG,1
CD46,1
CD5,1
CD84,1
CD93,1
CDAN1,1
CDC27,2
CDC42BPB,1
CDC7,1
CDCA2,2
CDH10,1
CDH11,1
CDH12,1
CDH13,1
CDH17,1
CDH19,1
CDH23,2
CDH26,1
CDH4,1
CDH6,1
CDH7,2
CDH8,2
CDHR1,1
CDHR2,1
CDHR3,1
CDK11A,1
CDK12,1
CDK13,1
CDK9,0
CDKAL1,4
CDKL5,1
CDKN1A,1
CDKN2A,1
CDKN2C,2
CDR2,1
CDS2,1
CDV3,1
CEACAM4,1
CECR2,2
CELF2,1
CELF5,1
CELSR1,4
CELSR3,1
CEMIP,2
CENPE,1
CENPF,3
CENPI,1
CENPL,2
CENPT,1
CENPW,1
CEP120,2
CEP126,1
CEP128,2
CEP152,1
CEP164,2
CEP192,3
CEP250,2
CEP290,3
CEP350,4
CEP57,1
CEP57L1,1
CEP63,3
CEP68,1
CEP83,1
CEP85,1
CEP85L,1
CEP89,1
CEP95,2
CERKL,1
CES1,1
CES5A,1
CFAP43,1
CFAP44,1
CFAP45,1
CFAP46,2
CFAP47,2
CFAP57,1
CFAP74,1
CFHR5,1
CFTR,1
CGB1,1
CGN,1
CGNL1,1
CHAF1A,1
CHAF1B,1
CHCHD1,1
CHCHD2,1
CHD1,1
CHD2,2
CHD3,3
CHD6,1
CHD7,1
CHD9,1
CHEK1,1
CHEK2,5
CHGB,1
CHIC1,1
CHIC2,1
CHN1,1
CHP1,1
CHRDL1,1
CHRM3,1
CHRNA2,1
CHRNA3,1
CHRNB3,0
CHST10,1
CHST5,2
CHST8,1
CHSY3,1
CIDEA,1
CILP,2
CILP2,1
CIR1,1
CIRH1A,2
CIT,1
CKAP2L,1
CKAP5,1
CLASP1,2
CLASP2,1
CLCA2,3
CLCA4,1
CLCN2,1
CLCN3,2
CLCN5,1
CLDN14,1
CLDN18,1
CLDN6,1
CLDN7,1
CLEC12B,1
CLEC2B,1
CLEC3A,1
CLIC2,1
CLIC5,1
CLIC6,1
CLINT1,1
CLIP2,1
CLK1,1
CLK4,1
CLRN3,1
CLSTN2,1
CLUH,1
CLVS1,1
CMTR1,1
CMYA5,1
CNGA3,1
CNGA4,1
CNGB1,1
CNGB3,1
CNIH2,1
CNIH4,1
CNKSR1,1
CNN2,1
CNNM1,1
CNNM4,1
CNOT1,2
CNOT10,2
CNOT2,1
CNOT7,2
CNPY4,1
CNR1,3
CNR2,2
CNRIP1,1
CNST,1
CNTF,1
CNTLN,5
CNTN1,1
CNTN4,1
CNTN5,4
CNTNAP1,2
CNTNAP2,1
CNTNAP4,1
CNTNAP5,1
CNTRL,1
COBL,1
COG3,1
COG4,1
COG8,1
COIL,1
COL10A1,1
COL11A1,2
COL11A2,2
COL12A1,2
COL14A1,1
COL15A1,1
COL19A1,1
COL20A1,1
COL22A1,0
COL2A1,1
COL3A1,2
COL4A1,1
COL4A2,1
COL4A3BP,1
COL4A4,2
COL4A5,1
COL4A6,1
COL5A1,2
COL5A3,4
COL6A2,3
COL6A3,2
COL6A5,3
COL6A6,3
COL8A1,1
COL8A2,1
COL9A1,0
COL9A2,1
COL9A3,1
COPB1,1
COPG1,1
COPG2,1
COPS4,1
COQ6,2
CORIN,2
CORO7,1
COX20,1
COX7B,1
CPE,1
CPEB4,1
CPED1,2
CPM,1
CPNE1,1
CPNE3,1
CPNE8,1
CPOX,1
CPS1,2
CPSF2,2
CPSF3,1
CPSF6,1
CPT1A,3
CPT1C,1
CPZ,1
CR1,1
CR2,1
CRACR2A,1
CRB1,1
CREB3L3,2
CREBBP,1
CREBZF,1
CRHR1,1
CRIPAK,1
CRISP2,1
CRISPLD2,1
CRMP1,1
CRP,1
CRTC2,1
CRTC3,1
CRY1,1
CRYL1,1
CRYM,1
CSDE1,1
CSF2RA,1
CSF2RB,1
CSF3R,1
CSGALNACT2,1
CSMD1,3
CSMD2,5
CSMD3,4
CSNK1E,1
CSNK1G1,1
CSNK2A1,1
CSPG4,1
CSRNP1,1
CSRNP2,1
CSRP2BP,1
CST6,1
CT47B1,1
CTAGE4,1
CTBP2,1
CTC1,2
CTCF,1
CTCFL,1
CTDP1,1
CTNNA3,2
CTNNAL1,1
CTNNB1,2
CTNND1,1
CTNND2,2
CTPS1,1
CTPS2,1
CTR9,1
CTSH,1
CTSO,1
CTSS,2
CTTNBP2,2
CUBN,1
CUEDC1,1
CUL2,1
CUL3,1
CUL9,1
CUX1,2
CWC15,1
CWC22,1
CXCL13,1
CXCR1,1
CXorf38,1
CXorf65,1
CXorf66,1
CYB5R2,1
CYB5R4,3
CYB5RL,1
CYC1,1
CYLC2,2
CYLD,1
CYP11A1,2
CYP11B1,1
CYP19A1,1
CYP20A1,1
CYP27B1,1
CYP2A13,1
CYP2C19,1
CYP2C8,1
CYP2C9,2
CYP2E1,1
CYP4F11,1
CYP7A1,1
CYSLTR2,3
CYTH1,1
CYTH2,1
CYTH4,1
DAAM1,4
DAB1,1
DACH1,1
DAGLA,1
DAP3,1
DAPK1,1
DBH,1
DBT,1
DCAF12,1
DCAF12L2,2
DCAF13,1
DCAF16,1
DCAF17,1
DCAF4L1,1
DCAF6,1
DCAF8L1,1
DCAF8L2,1
DCAKD,1
DCBLD1,1
DCC,3
DCDC2,1
DCHS1,1
DCHS2,1
DCLK2,1
DCLRE1A,1
DCLRE1B,1
DCLRE1C,1
DCP1A,1
DCST2,1
DCT,2
DCX,3
DDHD2,1
DDI2,1
DDIT4,1
DDR2,2
DDX1,1
DDX18,1
DDX23,1
DDX28,1
DDX39A,1
DDX3Y,1
DDX4,1
DDX42,2
DDX43,1
DDX46,2
DDX58,1
DDX60,2
DEAF1,1
DECR2,1
DEFB118,1
DEGS1,1
DEGS2,1
DENND4B,1
DENND4C,1
DENND5A,1
DENND6A,1
DEPDC1,1
DEPDC5,1
DERL1,1
DERL2,1
DGAT2L6,1
DGCR8,2
DGKA,1
DGKB,2
DGKG,1
DGKQ,1
DHCR24,1
DHH,1
DHX16,1
DHX29,2
DHX30,3
DHX36,1
DHX37,1
DHX38,1
DHX57,1
DHX8,2
DIAPH2,1
DICER1,3
DIDO1,1
DIEXF,1
DIO1,1
DIP2C,1
DIS3,1
DIS3L,1
DISC1,1
DISP1,1
DLC1,1
DLEC1,1
DLG1,1
DLG2,2
DLG3,1
DLG5,2
DLGAP2,1
DLGAP5,2
DMBT1,1
DMD,1
DMP1,2
DMPK,1
DMRTB1,1
DMTF1,1
DMTN,2
DMXL1,2
DMXL2,2
DNAAF2,1
DNAH1,3
DNAH10,4
DNAH11,1
DNAH17,3
DNAH2,6
DNAH3,3
DNAH5,1
DNAH6,0
DNAH7,2
DNAH8,6
DNAH9,7
DNAI2,1
DNAJA2,2
DNAJB11,1
DNAJB9,1
DNAJC1,2
DNAJC11,2
DNAJC12,1
DNAJC13,4
DNAJC14,1
DNAJC16,1
DNAJC17,1
DNAJC25,1
DNAJC5G,1
DNALI1,1
DNASE2,3
DNHD1,1
DNM3,1
DNMT1,1
DNMT3A,5
DNTTIP1,2
DNTTIP2,1
DOCK10,2
DOCK11,3
DOCK2,2
DOCK3,1
DOCK4,1
DOCK5,3
DOCK6,2
DOCK7,4
DOCK8,2
DOK1,1
DOK5,1
DOK6,1
DOPEY1,2
DPF1,1
DPF3,1
DPH1,1
DPP3,1
DPP8,1
DPY19L1,1
DPY19L2,1
DPY19L4,1
DPYD,3
DPYSL5,2
DRAM1,1
DRD4,2
DRG1,1
DRP2,1
DSC2,1
DSC3,1
DSCAML1,2
DSE,2
DSP,1
DSPP,1
DST,3
DTNA,1
DTNB,1
DTWD1,1
DTX1,1
DTYMK,1
DUSP13,1
DUSP19,1
DUSP27,1
DUSP5,1
DVL2,2
DYNC1H1,2
DYNC1I1,1
DYNC1LI2,1
DYNC2H1,1
DYNLL1,1
DYNLT3,1
DYRK3,1
DYRK4,2
DYSF,2
DYX1C1,1
DZIP1,1
E2F3,1
E2F8,2
E4F1,1
EBAG9,1
EBF1,1
EBPL,1
ECE2,1
ECEL1,1
ECHDC2,1
ECM2,1
ECSIT,1
ECT2,2
ECT2L,1
EDDM3B,1
EDEM1,1
EDEM3,1
EDNRA,1
EDRF1,1
EEA1,1
EED,1
EEF1A1,1
EEF1A2,1
EEF1D,1
EEF2,1
EFCAB1,1
EFCAB14,1
EFCAB5,2
EFCAB6,1
EFCAB7,3
EFR3A,2
EFS,1
EFTUD2,1
EGFL6,1
EGFL8,2
EGFLAM,1
EHBP1,1
EHD1,1
EHHADH,1
EID3,1
EIF1AX,8
EIF2A,1
EIF2AK3,2
EIF2S2,1
EIF3A,1
EIF3B,1
EIF3D,1
EIF3E,1
EIF3F,2
EIF3G,1
EIF4A2,1
EIF4ENIF1,3
EIF4G2,1
EIF5,1
EIF5B,1
ELF4,2
ELFN2,1
ELK4,1
ELL,1
ELL2,1
ELMO1,1
ELOVL1,2
ELOVL7,1
EMC4,1
EMILIN1,1
EML4,1
ENG,1
ENGASE,1
ENKD1,1
ENPEP,3
ENPP1,3
ENPP2,2
ENPP3,1
ENPP6,1
ENPP7,1
ENTPD1,1
ENTPD7,1
EP400NL,1
EPB41L1,1
EPB41L3,1
EPB41L4A,2
EPG5,4
EPHA3,1
EPHA5,1
EPHA6,1
EPHB1,2
EPRS,3
EPS15L1,1
EPS8L1,1
EPSTI1,1
EPX,1
EQTN,1
ERAP2,1
ERBB2IP,1
ERBB3,2
ERBB4,3
ERC1,2
ERCC3,1
ERCC6,1
ERCC6L2,1
ERF,1
ERG,1
ERI1,1
ERICH3,1
ERO1L,1
ERVW-1,1
ESCO1,1
ESCO2,2
ESF1,1
ESPL1,1
ESPN,1
ESYT2,2
ETF1,1
ETS1,2
ETV1,1
ETV5,1
EVC,1
EVL,1
EVPL,3
EXD1,1
EXD2,1
EXOC2,1
EXOC3L2,1
EXOC3L4,1
EXOC4,1
EXOC7,1
EXOSC10,1
EXOSC3,1
EXPH5,2
EXT1,1
EXTL2,1
EYA3,1
EYA4,1
EZH1,1
EZH2,1
EZR,1
F10,1
F13B,1
F2RL2,1
F7,1
F8,1
F9,1
FA2H,1
FADS6,1
FAF2,1
FAIM2,1
FAM110B,2
FAM110C,1
FAM111A,1
FAM114A1,1
FAM114A2,1
FAM117B,2
FAM120B,2
FAM120C,1
FAM122A,1
FAM122B,1
FAM124B,1
FAM126B,1
FAM129B,2
FAM131B,1
FAM133A,2
FAM135A,1
FAM135B,1
FAM13A,1
FAM13C,1
FAM151A,1
FAM153B,1
FAM155A,2
FAM161A,1
FAM169B,2
FAM172A,1
FAM175A,1
FAM178A,1
FAM179A,1
FAM179B,1
FAM183B,1
FAM187B,1
FAM196A,1
FAM19A5,1
FAM208B,1
FAM214B,1
FAM217A,2
FAM221B,1
FAM222A,1
FAM227B,1
FAM35A,4
FAM3C,1
FAM47A,1
FAM47E-STBD1,1
FAM49A,1
FAM50B,1
FAM53B,1
FAM63B,1
FAM64A,1
FAM72C,1
FAM73A,1
FAM76A,1
FAM76B,1
FAM78A,2
FAM83B,1
FAM83F,1
FAM84A,1
FAM98B,2
FAM98C,1
FANCA,2
FANCB,1
FANCD2,2
FANCG,1
FANCI,1
FANCM,1
FAR1,2
FARP1,1
FARSA,1
FARSB,1
FASN,1
FASTKD1,1
FASTKD3,1
FAT1,1
FAT2,2
FAT3,3
FBLN1,1
FBN1,3
FBN3,2
FBXL12,1
FBXL2,1
FBXL20,3
FBXL4,1
FBXL5,1
FBXO10,1
FBXO11,2
FBXO3,1
FBXO47,1
FBXO7,1
FBXO9,2
FBXW7,1
FCF1,1
FCGBP,3
FCGR2B,1
FCGRT,1
FCN2,1
FCRL2,2
FCRL5,1
FECH,1
FER,1
FER1L6,1
FFAR2,1
FFAR4,1
FGD1,2
FGD2,2
FGD3,1
FGD4,2
FGD5,2
FGF13,2
FGF14,3
FGF20,1
FGF7,1
FGFR2,1
FH,1
FHL2,1
FHL3,1
FHL5,1
FHOD3,3
FIGNL1,1
FILIP1,1
FKBP7,1
FKBPL,1
FLG,2
FLG2,2
FLII,3
FLNA,2
FLNC,4
FLOT2,1
FLT3LG,1
FLT4,1
FLVCR1,1
FLVCR2,1
FMN2,1
FMNL1,2
FMNL2,1
FMO2,1
FMO3,1
FMR1,3
FN1,1
FN3KRP,1
FNBP4,1
FNDC3A,1
FNDC7,1
FNIP2,1
FNTB,1
FOCAD,2
FOLH1,2
FOLR2,1
FOLR3,1
FOXD2,1
FOXK2,2
FOXN2,1
FOXP4,1
FOXR2,1
FPGT-TNNI3K,2
FPR1,1
FRAS1,3
FREM1,4
FREM2,1
FRG1,1
FRMD4A,1
FRMD4B,1
FRMD5,1
FRMPD1,1
FRMPD2,2
FRMPD3,2
FRMPD4,2
FRRS1,2
FRS2,1
FRS3,1
FRY,2
FRYL,2
FSCB,2
FSCN1,1
FSHR,1
FSIP2,2
FSTL4,1
FUBP3,1
FUT1,1
FUT3,2
FZD2,1
FZD6,1
FZD8,2
FZR1,1
G2E3,1
GAB1,1
GAB2,1
GAB4,1
GABBR2,1
GABRA2,2
GABRA6,1
GABRP,1
GABRQ,1
GABRR2,1
GAD2,1
GAK,1
GAL3ST2,1
GALC,1
GALNT13,1
GALNT14,1
GALNT16,1
GALNT18,1
GALNT5,1
GALNT7,2
GALNT8,1
GALNTL5,2
GALT,2
GAPVD1,3
GARNL3,2
GAS1,1
GAS2L2,1
GAS2L3,2
GATA5,1
GATAD1,1
GATAD2A,1
GATSL2,1
GBA2,2
GBE1,2
GBF1,5
GBP2,1
GBP5,1
GCAT,1
GCC1,1
GCC2,3
GCN1L1,3
GCNT4,1
GDF10,1
GDF2,1
GDI2,1
GDPD1,1
GDPD2,1
GEMIN5,2
GFI1,1
GFI1B,2
GFM1,1
GFM2,1
GFOD1,1
GFPT1,1
GFRA3,1
GGA2,1
GGCT,1
GGNBP2,1
GIF,1
GIMAP4,1
GIMAP5,1
GIMAP6,2
GIMAP8,2
GIN1,1
GJA1,1
GJA9,1
GJD2,1
GLB1L,2
GLE1,1
GLG1,1
GLI2,2
GLI3,2
GLIS3,1
GLOD4,1
GLP2R,2
GLTSCR1L,1
GLYATL2,1
GNAL,2
GNAS,2
GNG12,1
GNG5,1
GNPAT,3
GOLGA1,1
GOLGA3,1
GOLGA4,6
GOLGA5,1
GOLGA8F,1
GOLGB1,2
GOLIM4,1
GON4L,1
GOT1,1
GOT1L1,1
GOT2,1
GP2,1
GP5,1
GPATCH3,1
GPATCH8,1
GPBP1,2
GPC5,1
GPC6,1
GPD2,1
GPM6B,1
GPN1,1
GPNMB,1
GPR1,1
GPR101,2
GPR119,1
GPR12,1
GPR139,2
GPR141,1
GPR142,1
GPR149,1
GPR151,2
GPR158,1
GPR18,1
GPR4,1
GPR42,1
GPR75,1
GPR78,1
GPR83,1
GPR87,1
GPR89A,1
GPRASP1,1
GPRC5B,1
GPRC5D,1
GPRC6A,1
GPRIN2,3
GPRIN3,1
GPSM3,1
GPT,1
GPX8,1
GRAMD1C,2
GRAMD2,2
GRB10,1
GRB2,1
GRB7,1
GRHL3,1
GRIA1,1
GRIA2,2
GRIA4,2
GRID2,2
GRIK1,2
GRIK2,1
GRIK4,2
GRIK5,1
GRIN2A,2
GRIN2B,5
GRIN2D,2
GRINA,1
GRK4,1
GRM2,0
GRM4,1
GRM6,3
GRXCR1,1
GSDMA,1
GSTA2,1
GSTO2,2
GTDC1,0
GTF2F2,1
GTF2H1,1
GTPBP4,3
GUCA2B,1
GUCY1A3,2
GUCY1B3,1
GULP1,1
GXYLT2,1
GYS2,1
GZF1,1
GZMM,1
H1FX,1
HAAO,1
HACL1,1
HAPLN1,1
HAS1,2
HAUS3,1
HAUS6,1
HAUS7,1
HBS1L,3
HCAR2,1
HCAR3,1
HCCS,1
HCN1,2
HCST,1
HDAC8,1
HDAC9,1
HDC,1
HDGFRP2,1
HDGFRP3,1
HDLBP,1
HEATR1,2
HEATR3,1
HEATR5A,1
HEATR5B,2
HEATR6,2
HEATR9,1
HEBP1,1
HECTD1,3
HECTD4,2
HECW1,1
HECW2,2
HELB,1
HELLS,1
HELQ,2
HELZ2,2
HEPACAM2,1
HEPHL1,1
HERC1,1
HERC3,1
HERC5,1
HEXA,1
HEXB,1
HEYL,1
HFM1,1
HGD,1
HHEX,1
HHLA2,1
HIATL1,1
HID1,2
HIF1A,2
HIF3A,2
HINT1,1
HIP1R,1
HIPK1,1
HIRIP3,1
HIST1H2BC,1
HIST1H2BD,1
HIST1H3H,1
HIST1H4B,1
HIST1H4G,1
HIST1H4J,1
HIST2H2AC,1
HIST2H3D,1
HIVEP2,1
HJURP,1
HLA-DMA,1
HLA-DMB,1
HLA-DPB1,2
HLA-DQB1,1
HLA-DRA,1
HLX,1
HMCN1,10
HMGB1,1
HMGXB4,1
HMMR,3
HMOX2,1
HNF4A,2
HNRNPA1,1
HNRNPA1L2,1
HNRNPD,1
HNRNPDL,1
HNRNPH2,1
HNRNPUL2,2
HOOK1,2
HOOK3,2
HOXA1,1
HOXD12,1
HP1BP3,2
HPD,1
HPDL,1
HPGD,1
HPGDS,1
HPN,1
HPS1,1
HPS3,1
HPX,1
HRAS,17
HRCT1,1
HRH2,1
HS3ST2,1
HS3ST4,1
HSD17B10,1
HSD17B12,1
HSD17B3,1
HSD17B6,1
HSD3B7,1
HSH2D,1
HSP90AA1,2
HSP90AB1,2
HSPA12B,1
HSPA13,1
HSPA1L,1
HSPA4,3
HSPA5,1
HSPA8,1
HSPD1,2
HSPG2,1
HSPH1,1
HTATSF1,1
HTR3A,1
HTR3B,2
HTR3C,2
HTRA2,1
HUWE1,4
HYPK,2
IARS,1
IARS2,1
ICE1,1
ICK,1
ICMT,1
ID2,1
ID4,1
IDE,4
IDI1,1
IDO2,1
IDS,1
IFFO1,1
IFI16,1
IFI44L,1
IFIT1B,1
IFIT3,1
IFNA5,1
IFNAR2,1
IFNE,1
IFNG,1
IFNGR1,1
IFNL1,1
IFNL3,1
IFRD1,1
IFT46,1
IFT52,1
IGDCC4,1
IGF2R,1
IGFBP1,1
IGFBP5,1
IGFBP7,1
IGFN1,1
IGHE,1
IGHG3,1
IGHM,3
IGHV1-46,1
IGHV1OR21-1,1
IGHV3-35,1
IGHV3-53,1
IGHV3OR15-7,1
IGHV3OR16-8,1
IGKV1-27,1
IGKV2D-24,1
IGLV2-33,1
IGLV8-61,1
IGSF1,2
IGSF10,2
IGSF22,1
IGSF9B,3
IK,1
IKBKAP,2
IKZF3,1
IL11RA,1
IL12RB2,1
IL16,2
IL17RB,1
IL18R1,2
IL18RAP,1
IL1R1,1
IL1RAPL1,1
IL23R,1
IL2RG,1
IL37,1
IL7,1
IL7R,3
ILDR2,1
IMPDH2,2
IMPG1,2
INADL,2
INF2,1
ING1,1
ING5,1
INHBC,1
INPP1,1
INPP4B,2
INPP5D,1
INPP5F,1
INPP5K,1
INTS1,1
INTS10,1
INTS2,7
INTS9,1
INTU,2
IPMK,1
IPO11,1
IPO9,1
IQCB1,1
IQCG,1
IQGAP2,1
IQSEC2,3
IQUB,1
IRAK3,1
IREB2,1
IRF3,2
IRF5,2
IRS1,2
IRS2,2
IRS4,1
IRX2,1
ISM1,1
ITCH,1
ITGA1,1
ITGA10,2
ITGA2,1
ITGA3,1
ITGA6,1
ITGA7,1
ITGA8,1
ITGAD,1
ITGAL,3
ITGAM,0
ITGAV,1
ITGAX,1
ITGB1,2
ITGB2,1
ITGB3,2
ITGBL1,2
ITPA,1
ITPKB,1
ITPR1,1
ITPR2,3
ITSN2,1
IVNS1ABP,1
IYD,1
JAK1,1
JAK2,2
JAKMIP1,2
JAKMIP2,1
JMJD1C,6
JPH2,1
JRKL,2
JUN,1
KAL1,1
KALRN,1
KANK1,2
KANK2,2
KANK4,1
KANSL2,1
KANSL3,1
KAT2A,1
KAT5,1
KAT6A,2
KAT6B,2
KAT8,1
KBTBD12,1
KBTBD2,1
KBTBD3,1
KBTBD7,1
KBTBD8,2
KCNA1,1
KCNA4,1
KCNA5,1
KCNA7,1
KCNAB1,1
KCNC2,1
KCNC3,2
KCNC4,1
KCND3,2
KCNG1,1
KCNG3,1
KCNH1,1
KCNH4,1
KCNH5,1
KCNH7,1
KCNIP1,1
KCNIP2,1
KCNIP3,1
KCNIP4,1
KCNJ10,1
KCNJ16,3
KCNJ9,1
KCNK1,1
KCNK18,1
KCNK6,1
KCNMA1,2
KCNN3,1
KCNQ5,1
KCNS2,2
KCNU1,2
KCNV2,1
KCTD2,1
KCTD3,1
KCTD7,1
KCTD9,1
KDELR3,1
KDM2A,4
KDM2B,1
KDM3A,2
KDM3B,2
KDM4C,1
KDM5A,1
KDM5B,1
KDM6A,1
KDM8,1
KDR,1
KDSR,1
KEAP1,1
KEL,1
KERA,1
KHDRBS2,1
KHNYN,1
KIAA0020,1
KIAA0100,1
KIAA0195,1
KIAA0319L,1
KIAA0355,2
KIAA0513,1
KIAA0556,1
KIAA0825,1
KIAA0895,1
KIAA0895L,1
KIAA0922,2
KIAA0930,1
KIAA1109,7
KIAA1211,1
KIAA1217,1
KIAA1279,2
KIAA1429,2
KIAA1462,1
KIAA1467,1
KIAA1468,1
KIAA1522,1
KIAA1549,2
KIAA1549L,2
KIAA1551,2
KIAA1586,2
KIAA1755,1
KIAA1958,2
KIAA2018,3
KIAA2022,4
KIAA2026,4
KIF11,1
KIF14,1
KIF15,2
KIF19,1
KIF1A,1
KIF1B,2
KIF20B,2
KIF21A,1
KIF21B,1
KIF23,1
KIF25,1
KIF26B,1
KIF27,1
KIF4B,3
KIF6,1
KIR3DL1,1
KIRREL,1
KLF4,1
KLHDC2,1
KLHDC8B,1
KLHL13,1
KLHL14,1
KLHL2,1
KLHL22,1
KLHL24,1
KLHL26,1
KLHL35,1
KLHL36,1
KLHL4,1
KLHL40,1
KLHL41,1
KLHL5,2
KMT2A,9
KMT2C,5
KMT2D,2
KMT2E,3
KPNA1,2
KPNB1,3
KRAS,3
KRBA2,2
KRIT1,1
KRR1,1
KRT18,1
KRT20,1
KRT222,1
KRT33B,1
KRT35,1
KRT80,1
KRT85,2
KRT9,1
KRTAP10-1,1
KRTAP10-11,1
KRTAP10-12,1
KRTAP10-5,1
KRTAP21-2,2
KRTAP3-3,1
KRTAP4-12,1
KRTAP4-2,1
KRTAP4-6,1
KRTAP5-6,1
KRTAP6-2,1
KRTAP8-1,1
KRTAP9-3,1
KRTCAP3,1
KSR2,2
L3MBTL4,1
LAMA3,3
LAMA4,3
LAMA5,1
LAMB1,1
LAMB4,3
LAMC1,1
LAMC2,2
LAMC3,2
LAMP3,2
LAMP5,1
LARGE,1
LARP1,1
LARP1B,1
LARP4B,1
LARP7,1
LARS,1
LARS2,1
LATS1,1
LAX1,1
LAYN,1
LBP,1
LBR,1
LCA5,1
LCE1C,1
LCMT1,1
LCOR,1
LCT,1
LDHA,2
LDHAL6A,1
LDHC,1
LDLRAD3,1
LEMD1,1
LEMD2,1
LENG9,1
LEPR,1
LETM1,2
LETM2,1
LETMD1,1
LGALS13,1
LGI3,1
LGR5,1
LGSN,1
LHFPL5,1
LIG4,1
LILRB1,2
LIMA1,1
LIMD1,1
LIMS1,1
LIN54,1
LINC01098,1
LINGO1,2
LINGO2,2
LIPJ,1
LIPK,1
LIPT1,1
LLGL1,1
LMBR1L,1
LMBRD2,1
LMLN,1
LMO7,1
LMOD1,1
LMOD3,1
LNPEP,3
LNX1,1
LNX2,1
LONP1,1
LONRF2,1
LONRF3,2
LOR,1
LPAR6,2
LPCAT3,1
LPL,1
LPP,2
LRBA,1
LRFN3,2
LRFN4,1
LRFN5,1
LRGUK,2
LRP10,3
LRP11,1
LRP1B,5
LRP2,1
LRP6,1
LRPAP1,1
LRPPRC,4
LRRC14,1
LRRC17,1
LRRC19,3
LRRC28,1
LRRC3,1
LRRC32,1
LRRC37A2,1
LRRC37A3,2
LRRC40,2
LRRC42,1
LRRC46,1
LRRC49,2
LRRC4C,2
LRRC55,1
LRRC56,1
LRRC7,3
LRRC8A,2
LRRC8D,1
LRRCC1,2
LRRIQ1,1
LRRIQ3,2
LRRIQ4,1
LRRK2,6
LRRN4,1
LRRTM3,1
LRSAM1,1
LSAMP,2
LTBP1,3
LTBP2,1
LTBP3,1
LTF,1
LTV1,2
LUC7L3,2
LUM,1
LVRN,1
LY75,2
LY9,1
LYN,1
LYPLAL1,1
LYST,4
LYZ,1
LYZL6,1
LZTR1,1
MACC1,1
MACF1,9
MADD,2
MAGEA11,1
MAGEB10,1
MAGEB2,1
MAGEB3,1
MAGEB6,2
MAGED1,1
MAGEE2,1
MAGI1,1
MAGI2,1
MAGI3,2
MAMLD1,1
MAN2C1,1
MAP10,1
MAP1A,2
MAP1B,2
MAP1LC3B,1
MAP1LC3B2,1
MAP1S,1
MAP2,3
MAP2K1,1
MAP2K6,2
MAP3K1,1
MAP3K10,1
MAP3K15,2
MAP3K19,0
MAP3K3,4
MAP3K6,1
MAP3K8,2
MAP4K4,2
MAP7D2,2
MAPK10,1
MAPK4,1
MAPK6,2
MAPK8IP2,1
MAPKAPK3,1
MAPKBP1,2
MAPRE2,1
MARCH1,1
MARCH6,4
MARCH8,1
MARK3,1
MARS2,1
MAST2,1
MAST4,1
MAT1A,1
MATR3,1
MAU2,1
MBD1,1
MBIP,3
MBOAT2,1
MBTPS1,1
MCC,1
MCF2,2
MCHR1,1
MCM10,1
MCM3AP,1
MCM4,2
MCM8,1
MCMBP,2
MCOLN1,1
MCPH1,2
MCTP2,2
MDC1,1
MDM2,1
MDN1,4
ME1,1
MEA1,2
MECP2,1
MED1,3
MED11,1
MED12L,2
MED13,1
MED13L,1
MED14,1
MED15,1
MED16,1
MED23,1
MED31,1
MEF2C,1
MEFV,2
MEGF11,1
MEGF6,1
MEI1,1
MEN1,2
MEPCE,1
MESP1,1
METRNL,1
METTL2A,1
METTL2B,2
METTL8,1
MEX3A,1
MFN2,1
MFRP,1
MFSD1,1
MFSD4,1
MFSD6L,1
MFSD7,1
MFSD8,3
MGA,1
MGAM,1
MGAT4C,1
MGAT5B,2
MIA3,3
MIB1,1
MIB2,1
MICALCL,1
MICU3,1
MIS18BP1,1
MITF,1
MKI67,5
MKL1,1
MKLN1,2
MLIP,2
MLKL,1
MLLT1,1
MLLT4,2
MLYCD,1
MMD2,1
MMEL1,1
MMP12,1
MMP13,2
MMP17,1
MMP2,1
MMP21,2
MMP24,1
MMP27,1
MMP3,1
MMP7,1
MMRN1,3
MN1,1
MOB1A,1
MOB1B,1
MOB3B,1
MOB4,1
MOCS3,1
MOGAT1,1
MOGAT3,1
MON2,1
MORC1,1
MORC4,2
MORF4L2,1
MORN1,1
MORN5,1
MOSPD2,1
MOV10,2
MOV10L1,1
MPDZ,2
MPHOSPH10,1
MPHOSPH8,2
MPO,1
MPP4,1
MPPED1,1
MPZL3,1
MRAP2,1
MRC1,3
MRE11A,2
MROH2B,2
MROH6,1
MROH7,1
MRPL10,1
MRPL19,1
MRPL28,1
MRPL38,1
MRPL39,1
MRPL41,2
MRPL50,1
MRPS31,0
MRPS35,1
MRS2,2
MS4A2,1
MS4A4A,1
MSANTD2,2
MSANTD4,1
MSH2,3
MSH3,1
MSH5,1
MSI1,3
MSLNL,2
MSMB,1
MSR1,1
MSS51,1
MST1R,1
MTBP,1
MTCL1,1
MTDH,1
MTERF1,1
MTERF2,1
MTF1,1
MTF2,1
MTHFD1,1
MTHFR,1
MTHFS,1
MTIF3,1
MTMR11,1
MTMR12,3
MTMR6,2
MTMR8,1
MTOR,1
MTR,1
MTSS1L,1
MTX1,1
MUC16,14
MUC17,2
MUC20,1
MUC4,1
MUC5AC,1
MUC5B,4
MUC6,1
MUC7,2
MUSK,1
MUTYH,1
MX1,1
MX2,1
MXRA5,6
MYBL2,1
MYBPC1,1
MYBPC2,2
MYCBP2,2
MYCBPAP,2
MYH1,2
MYH10,1
MYH13,5
MYH15,2
MYH2,2
MYH3,1
MYH6,2
MYH7,1
MYH8,1
MYLK,3
MYLK4,1
MYNN,1
MYO10,2
MYO15A,2
MYO16,1
MYO18B,1
MYO19,2
MYO1C,1
MYO1D,1
MYO1E,1
MYO3A,2
MYO3B,2
MYO5A,1
MYO5C,2
MYO6,1
MYO7B,1
MYO9A,3
MYOF,1
MYOM1,1
MYOM2,3
MYOM3,1
MYOZ2,2
MYT1L,1
N4BP2,3
N4BP2L1,1
N4BP2L2,2
NAA15,1
NAA20,1
NAA25,1
NAA30,1
NAALADL1,1
NADSYN1,1
NAIP,1
NALCN,1
NANOS3,1
NANS,1
NAP1L1,1
NAPG,1
NAV3,5
NBEA,3
NBPF1,1
NBPF10,2
NBPF14,1
NBPF15,1
NBPF19,1
NBR1,1
NCAM2,3
NCAN,1
NCAPD3,2
NCAPG2,1
NCAPH2,1
NCK1,1
NCKAP1,2
NCKAP1L,2
NCKIPSD,1
NCOA3,1
NCOA7,2
NCOR1,1
NCOR2,1
NCR1,1
NDC80,1
NDFIP2,1
NDRG4,1
NDST2,1
NDUFA6,1
NDUFA7,1
NDUFA9,2
NDUFAF4,1
NDUFAF6,2
NDUFB5,1
NDUFB9,1
NDUFS1,1
NDUFS5,1
NDUFV2,1
NEB,2
NECAP1,1
NEDD4,1
NEIL3,1
NEK10,1
NEK8,2
NET1,1
NEXN,1
NFAT5,2
NFATC1,1
NFATC4,2
NFE2L3,2
NFIA,2
NFIX,1
NFKBID,1
NFRKB,1
NFS1,1
NFX1,1
NFXL1,1
NGF,1
NGFRAP1,1
NHLRC3,1
NHS,1
NHSL2,2
NID1,1
NID2,2
NIM1K,2
NIN,1
NIPA1,1
NIPA2,1
NIPAL1,1
NIPAL2,1
NIPAL3,1
NIPBL,5
NIPSNAP3A,1
NKD1,1
NKG7,1
NKIRAS1,1
NKX2-1,2
NLGN1,1
NLGN4Y,1
NLRC4,2
NLRP11,1
NLRP3,1
NLRP4,1
NLRP5,1
NLRP6,1
NLRP8,1
NME8,2
NNT,1
NOBOX,1
NOL8,2
NOL9,1
NOM1,1
NOMO1,1
NOMO3,1
NOP58,1
NOTCH1,1
NOTCH4,2
NOX5,1
NPAS2,1
NPAT,1
NPBWR2,1
NPC1L1,2
NPEPPS,1
NPFFR2,1
NPHP1,1
NPHP3,1
NPHP4,1
NPHS1,2
NPHS2,1
NPM3,1
NPNT,1
NPR1,2
NPR2,1
NPRL2,1
NPSR1,1
NPY5R,1
NQO2,1
NR3C2,1
NR4A2,1
NRAS,39
NRCAM,1
NRIP1,1
NRP1,1
NRXN1,1
NRXN2,1
NRXN3,1
NSD1,3
NSMAF,1
NSMCE2,1
NSRP1,1
NSUN3,1
NSUN6,1
NTNG2,1
NTRK3,1
NTSR2,1
NUDCD1,1
NUDT12,1
NUDT15,1
NUDT17,1
NUDT8,1
NUDT9,1
NUF2,4
NUFIP1,1
NUMA1,1
NUP133,2
NUP155,1
NUP210L,2
NUP214,2
NUP88,1
NUP93,4
NUP98,1
NUPL1,1
NWD1,3
NXF3,1
NXF5,1
OAS3,1
OAZ1,1
OBSCN,4
OCLN,1
OCRL,1
ODF2L,1
OFD1,1
OGDHL,1
OGFOD1,1
OGFOD2,1
OGT,3
OLFM1,1
OLFML1,1
OPLAH,1
OPN1SW,1
OPN4,1
OPRL1,1
OR10AG1,2
OR10G4,1
OR10H2,1
OR10X1,1
OR10Z1,1
OR11G2,1
OR11H12,1
OR11H6,1
OR12D3,1
OR13C8,1
OR13F1,2
OR14C36,1
OR1E1,1
OR1J2,1
OR1L8,1
OR1N2,1
OR1S2,2
OR2AK2,1
OR2AT4,1
OR2B2,1
OR2B3,1
OR2C1,1
OR2G6,1
OR2H2,1
OR2J2,2
OR2K2,1
OR2L13,1
OR2L3,1
OR2M3,2
OR2M5,1
OR2T27,1
OR2T33,1
OR2T34,1
OR2T4,1
OR3A3,1
OR4A47,1
OR4A5,1
OR4C11,1
OR4C3,1
OR4C6,1
OR4D10,1
OR4D5,2
OR4D9,1
OR4F4,1
OR4K2,1
OR4K5,2
OR4L1,1
OR4M1,2
OR4N2,1
OR4N5,2
OR4P4,1
OR4X1,2
OR51E2,1
OR51F1,3
OR51G1,1
OR51I1,1
OR51M1,0
OR51V1,1
OR52A1,3
OR52A5,1
OR52E2,2
OR52N4,1
OR56A1,1
OR5AK2,1
OR5AR1,1
OR5AS1,1
OR5B17,1
OR5B2,1
OR5B3,1
OR5D13,2
OR5D18,1
OR5F1,1
OR5H14,1
OR5I1,1
OR5K1,1
OR5L1,2
OR5M1,1
OR5M3,3
OR5T2,3
OR5V1,1
OR6A2,1
OR6C3,1
OR6C70,1
OR6C75,1
OR6K2,1
OR6S1,1
OR7A17,1
OR7A5,1
OR8B12,1
OR8B3,1
OR8B4,1
OR8D1,1
OR8H2,2
OR8K5,1
OR9I1,1
ORC1,1
ORC2,1
ORC3,1
OSBP,2
OSBPL7,1
OSBPL9,1
OSGIN2,1
OSMR,1
OSTC,1
OTOA,1
OTUD5,1
OTUD6A,1
OTUD7A,1
OTX1,1
OTX2,1
OVGP1,1
OXGR1,1
OXR1,1
P3H2,1
P4HB,1
PABPC1,1
PABPC3,1
PACRGL,1
PACSIN3,1
PADI1,1
PADI6,1
PAK7,2
PALM2-AKAP2,3
PALMD,2
PAPSS1,2
PARD3,1
PARD6B,1
PARP10,1
PARP14,1
PARP4,1
PARP9,2
PARPBP,1
PATE2,1
PAWR,1
PAXBP1,1
PAXIP1,1
PC,3
PCBP1,1
PCDH1,1
PCDH11X,3
PCDH11Y,1
PCDH15,3
PCDH17,1
PCDH18,1
PCDH19,1
PCDH20,1
PCDH8,1
PCDHA1,1
PCDHA10,1
PCDHA5,1
PCDHA6,1
PCDHA8,2
PCDHAC1,1
PCDHB1,1
PCDHB10,2
PCDHB11,1
PCDHB6,1
PCDHB8,1
PCDHGA1,1
PCDHGA11,1
PCDHGA12,1
PCDHGA2,1
PCDHGA4,1
PCDHGA5,1
PCDHGA9,1
PCDHGB3,1
PCDHGB4,1
PCDHGC4,1
PCGF2,2
PCID2,1
PCLO,1
PCM1,2
PCNX,1
PCNXL2,2
PCNXL4,2
PCSK1,3
PCSK5,1
PCSK6,1
PCSK7,1
PCYOX1L,1
PDCD1,1
PDCD10,1
PDCD1LG2,1
PDCD4,1
PDE1A,2
PDE1C,1
PDE3A,1
PDE3B,1
PDE4B,1
PDE4DIP,2
PDE5A,1
PDGFRB,1
PDHA2,1
PDHX,1
PDIA3,1
PDIA5,1
PDK3,1
PDPR,1
PDS5A,2
PDS5B,1
PDSS1,2
PDZD2,4
PDZD3,1
PDZD8,1
PDZK1,1
PDZRN4,3
PEAK1,2
PECR,1
PEG3,2
PELI1,1
PELI3,1
PELO,2
PELP1,1
PENK,1
PEX10,1
PEX5,1
PEX7,1
PFKFB4,1
PFKP,1
PGAP1,4
PGBD2,1
PGBD5,1
PGLYRP3,1
PGM2,1
PGM5,1
PHACTR2,2
PHAX,1
PHF14,1
PHF20,1
PHF20L1,1
PHF21A,1
PHF23,1
PHF3,3
PHF6,1
PHF8,1
PHIP,3
PHKA2,3
PHKB,2
PHLDB2,1
PHOX2A,1
PHTF2,1
PI4K2B,1
PI4KA,1
PI4KB,1
PIAS3,1
PIBF1,2
PIDD1,1
PIEZO2,2
PIGC,1
PIGM,1
PIGO,1
PIGZ,1
PIH1D2,2
PIK3C2A,2
PIK3C2G,2
PIK3C3,1
PIK3CA,2
PIK3CB,1
PIK3CD,1
PIK3CG,3
PIK3R1,2
PIK3R3,1
PIK3R5,4
PIKFYVE,2
PINK1,1
PIP4K2C,1
PIR,1
PITPNA,1
PITPNM1,1
PITPNM2,1
PITPNM3,3
PITX2,2
PIWIL3,1
pk,1
PKD1L1,2
PKD2L2,1
PKDREJ,2
PKHD1,5
PKHD1L1,2
PKLR,1
PKM,1
PKN2,1
PKP4,2
PLA1A,1
PLA2G2A,1
PLA2G2D,1
PLA2G3,1
PLA2G4A,1
PLA2G4D,1
PLA2G4E,2
PLA2G5,1
PLA2G6,1
PLA2R1,2
PLAG1,1
PLCB1,1
PLCB3,2
PLCB4,1
PLCD1,1
PLCE1,4
PLCG1,1
PLCH1,2
PLCL1,2
PLD3,1
PLEC,4
PLEKHA3,1
PLEKHA4,1
PLEKHA5,2
PLEKHF2,1
PLEKHG1,2
PLEKHG4B,2
PLEKHM2,1
PLIN5,1
PLK2,2
PLK4,1
PLOD2,1
PLSCR2,1
PLSCR4,1
PLTP,1
PLXDC2,1
PLXNA3,1
PLXNB1,1
PLXNB2,1
PLXNB3,1
PLXNC1,2
PLXND1,1
PMCH,1
PMP2,1
PMPCB,1
PMS1,1
PNLDC1,1
PNMA5,1
PNMAL2,1
PNN,1
PNOC,1
POFUT2,1
POGLUT1,1
POGZ,1
POLA1,1
POLB,1
POLD3,1
POLE2,1
POLL,1
POLN,1
POLQ,3
POLR1A,1
POLR1B,4
POLR2A,2
POLR2B,3
POLR3B,1
POLR3GL,1
POM121L12,2
POR,1
POTEC,2
POU1F1,1
POU2F2,1
POU2F3,1
POU4F3,1
PPAN-P2RY11,2
PPARA,1
PPARGC1A,2
PPAT,1
PPEF1,2
PPFIA4,1
PPFIBP1,1
PPID,1
PPIG,1
PPIL3,1
PPL,2
PPM1B,2
PPM1D,5
PPP1R12B,1
PPP1R13B,1
PPP1R13L,2
PPP1R15A,1
PPP1R21,1
PPP1R26,1
PPP1R3A,3
PPP1R3B,1
PPP1R7,1
PPP1R9A,2
PPP1R9B,1
PPP2R1A,2
PPP2R2B,1
PPP2R3A,1
PPP2R5A,1
PPP2R5D,1
PPP3CC,1
PPP3R2,1
PPP4R2,2
PPP4R4,1
PPP6C,1
PPP6R3,2
PPRC1,1
PPT1,1
PPT2,1
PRAMEF5,1
PRC1,2
PRCP,1
PRDM1,1
PRDM14,1
PRDM15,1
PRDM16,3
PRDM4,1
PRDM8,2
PRDM9,2
PRDX1,1
PRDX6,1
PREP,1
PREX2,1
PRICKLE1,1
PRKAR2A,1
PRKCA,1
PRKCSH,1
PRKD1,3
PRKDC,3
PRKG1,1
PRKG2,1
PRODH2,1
PROKR2,1
PROS1,2
PROSER1,1
PROSER3,1
PRPF18,1
PRPF38B,4
PRPF39,2
PRPF6,2
PRPF8,3
PRPS1,1
PRR27,1
PRRC2A,4
PRRC2C,1
PRRG1,1
PRRT3,1
PRSS38,1
PRSS45,1
PRSS48,1
PRSS53,1
PRSS57,2
PRUNE,1
PRUNE2,1
PSG2,1
PSG5,1
PSG7,1
PSG8,2
PSG9,1
PSMA2,1
PSMA4,1
PSMA6,1
PSMB1,1
PSMB6,1
PSMC4,1
PSMC5,1
PSMD1,1
PSMD11,1
PSMD8,2
PSME2,1
PSME4,1
PSMG1,1
PSPN,1
PTAR1,1
PTBP2,1
PTCD1,1
PTCD2,2
PTCH1,1
PTCHD2,2
PTCHD3,1
PTCHD4,1
PTEN,2
PTGDS,1
PTGER3,2
PTGR2,1
PTH2R,1
PTK2,1
PTK2B,3
PTN,1
PTPDC1,1
PTPN13,2
PTPN14,1
PTPN21,1
PTPN22,2
PTPN4,1
PTPRA,1
PTPRB,1
PTPRD,3
PTPRG,1
PTPRJ,1
PTPRK,1
PTPRO,2
PTPRR,2
PTPRS,2
PTPRT,1
PTPRZ1,5
PTTG2,1
PUM1,1
PUM2,2
PURA,2
PUS3,1
PVRL3,1
PVRL4,1
PXDNL,1
PXMP2,1
PYGO1,3
PZP,3
QPRT,1
QSER1,1
R3HCC1L,2
R3HDM2,1
RAB11FIP1,1
RAB11FIP2,1
RAB27A,2
RAB32,1
RAB33A,1
RAB33B,1
RAB37,1
RAB3C,1
RAB3GAP1,2
RAB3IP,1
RAB5C,1
RAB6B,1
RAB6C,1
RABEP1,1
RABEP2,0
RABGAP1,2
RABGAP1L,1
RACGAP1,2
RAD23B,1
RAD50,1
RAD51AP1,1
RAD51AP2,1
RAD54B,1
RAD54L2,1
RAF1,1
RAI1,2
RAI14,2
RALBP1,1
RALGAPA1,1
RALGAPA2,1
RALGAPB,2
RALGPS2,1
RANBP10,1
RANBP2,3
RANBP3L,1
RAP1A,1
RAP1GAP,1
RAP1GDS1,1
RAPGEF1,2
RAPGEF3,1
RAPGEF6,5
RAPGEFL1,1
RAPH1,1
RARA,1
RARS,2
RARS2,1
RASA1,2
RASEF,1
RASGRF2,2
RASGRP1,1
RASSF1,1
RASSF8,1
RB1,2
RB1CC1,1
RBBP4,1
RBBP6,6
RBBP8,1
RBBP8NL,1
RBFA,2
RBFOX2,1
RBL1,1
RBL2,1
RBM10,1
RBM12,1
RBM12B,2
RBM15,1
RBM15B,1
RBM17,2
RBM22,1
RBM25,1
RBM28,1
RBM46,1
RBM4B,1
RBM5,2
RBM6,2
RBM7,1
RBMS1,1
RBMY1A1,1
RBP3,1
RBPJL,1
RBPMS,1
RBSN,1
RC3H2,1
RCAN1,1
RCC1,1
RCOR2,1
RCVRN,1
RDH14,1
RECK,2
REG3A,1
REL,1
RELN,3
RENBP,1
REP15,1
REPS2,1
RERE,1
RERGL,1
REST,2
RET,2
RETN,1
REV1,1
REV3L,3
REXO2,1
RFK,1
RFPL1,2
RFPL2,1
RFWD3,1
RFX3,1
RFX5,1
RFXAP,1
RGL2,1
RGN,1
RGP1,1
RGPD4,3
RGPD8,1
RGR,1
RGS12,1
RGS21,1
RGS22,2
RHBDF1,1
RHOQ,2
RHOT1,1
RHOT2,1
RIC1,2
RICTOR,2
RIF1,1
RIMBP2,1
RIMS1,2
RIMS2,3
RIMS3,1
RINT1,1
RIOK1,2
RIOK2,2
RIT2,1
RLF,2
RLIM,1
RLN1,1
RMDN2,1
RMI1,1
RNF10,1
RNF111,1
RNF113A,2
RNF128,2
RNF13,1
RNF139,1
RNF146,1
RNF148,1
RNF17,1
RNF170,1
RNF19B,2
RNF216,2
RNF34,1
RNF39,1
RNF7,1
RNMT,1
RNPEPL1,1
ROBO2,1
ROCK1,1
ROM1,1
ROPN1,1
ROPN1B,1
RORB,1
ROS1,3
RP1,5
RP11-240B13.2,1
RP11-407N17.3,4
RPAIN,1
RPE,1
RPGR,1
RPGRIP1,1
RPGRIP1L,1
RPL10A,1
RPL12,1
RPL13A,1
RPL18A,1
RPL22,1
RPL22L1,1
RPL36AL,1
RPL4,1
RPL9,1
RPRD1A,4
RPRD1B,1
RPS2,1
RPS4X,1
RPS6KA4,1
RPS6KB2,1
RPTN,1
RPTOR,1
RPUSD1,1
RRAGD,1
RRN3,1
RRP1,1
RRP12,1
RRP8,1
RRP9,1
RSBN1,1
RSBN1L,1
RSF1,2
RSPH3,1
RSPH4A,2
RSPH6A,2
RSRC2,1
RSU1,1
RTF1,2
RTKN,1
RTN3,1
RTN4,2
RTN4RL1,1
RTN4RL2,1
RTP1,1
RTTN,3
RUFY2,1
RUFY3,1
RUNDC1,1
RUNX1T1,1
RUNX2,1
RUSC1,1
RWDD1,3
RXFP1,1
RXFP2,1
RYK,2
RYR1,5
RYR2,3
RYR3,1
S100A7,1
S100PBP,1
S1PR1,1
S1PR5,1
SAAL1,1
SACM1L,1
SACS,4
SALL2,3
SAMD15,2
SAMD3,1
SAMD9,1
SAMD9L,2
SAMSN1,1
SAP130,1
SARAF,1
SARDH,1
SASH3,1
SAXO2,1
SBF1,2
SBF2,1
SBNO1,2
SCAF1,2
SCAF11,1
SCAF4,3
SCAF8,1
SCAI,1
SCAPER,1
SCARB2,1
SCEL,1
SCIN,1
SCML2,1
SCN10A,2
SCN11A,1
SCN1A,2
SCN2A,2
SCN3A,3
SCN5A,1
SCN7A,1
SCN8A,1
SCN9A,3
SCPEP1,1
SDAD1,1
SDC1,1
SDC2,1
SDC3,1
SDC4,1
SDCBP2,1
SDCCAG8,1
SDHAF2,1
SDK2,1
SDPR,1
SDS,1
SEC16A,3
SEC23A,1
SEC24B,1
SEC24D,1
SEC62,2
SECISBP2,1
SECISBP2L,1
SEL1L2,1
SEL1L3,1
SELENBP1,1
SEMA3A,1
SEMA3B,1
SEMA4B,1
SEMA6B,1
SEMA7A,1
SEMG1,1
SEMG2,4
SENP1,1
SENP2,2
SENP5,1
SENP6,2
SEPSECS,1
SEPT10,1
SEPT5,1
SEPT6,1
SEPT9,1
SERPINA1,1
SERPINB11,1
SERPINB3,1
SERPINB4,2
SERPINC1,1
SERPINE3,1
SERPING1,1
SERPINH1,1
SERTAD3,1
SESN3,1
SESTD1,1
SETBP1,2
SETD1A,1
SETD2,2
SETD5,3
SETDB1,1
SETX,1
SEZ6L,2
SF3A1,1
SF3B1,2
SGCB,1
SGCE,1
SGK223,1
SGTB,1
SH2D2A,1
SH2D3C,1
SH2D4A,1
SH2D6,1
SH3BP4,1
SH3D19,2
SH3GL2,1
SH3GL3,1
SH3GLB2,1
SH3KBP1,1
SH3PXD2A,2
SH3PXD2B,1
SH3RF1,1
SH3TC1,1
SHANK1,1
SHANK2,1
SHCBP1,1
SHPRH,1
SHROOM1,1
SHROOM2,2
SHROOM3,1
SI,3
SIAE,1
SIDT1,1
SIDT2,1
SIGLEC12,2
SIGLEC6,1
SIKE1,2
SIL1,1
SIM1,1
SIN3A,1
SIPA1L1,3
SIPA1L2,1
SIRPG,1
SIRT4,1
SIX5,1
SKA2,1
SKAP2,1
SKIDA1,1
SKOR1,1
SLA,1
SLAIN1,1
SLAIN2,1
SLAMF8,1
SLC10A5,1
SLC12A4,2
SLC12A5,1
SLC12A6,3
SLC13A1,2
SLC16A4,2
SLC17A2,1
SLC17A4,1
SLC17A6,1
SLC17A7,1
SLC19A2,1
SLC1A2,1
SLC1A6,2
SLC22A16,1
SLC22A3,1
SLC22A6,1
SLC23A2,1
SLC24A1,1
SLC24A5,1
SLC25A10,1
SLC25A12,1
SLC25A13,1
SLC25A15,1
SLC25A17,1
SLC25A33,1
SLC25A43,1
SLC25A45,2
SLC26A2,1
SLC26A6,1
SLC26A8,1
SLC26A9,1
SLC27A2,1
SLC27A3,1
SLC28A1,1
SLC28A2,1
SLC29A1,1
SLC2A14,1
SLC2A2,1
SLC2A9,1
SLC30A4,1
SLC31A2,1
SLC34A2,3
SLC35B1,2
SLC35D2,1
SLC35E3,1
SLC35F4,1
SLC38A4,2
SLC38A6,1
SLC38A7,1
SLC38A9,3
SLC39A12,2
SLC39A14,1
SLC39A2,2
SLC39A7,2
SLC3A1,1
SLC3A2,1
SLC40A1,1
SLC41A1,1
SLC41A3,1
SLC43A2,1
SLC44A2,1
SLC46A1,1
SLC46A3,1
SLC47A1,1
SLC4A10,1
SLC4A4,1
SLC4A8,1
SLC50A1,1
SLC52A3,1
SLC5A10,1
SLC5A2,2
SLC5A5,1
SLC5A8,1
SLC6A14,1
SLC6A16,1
SLC6A18,1
SLC6A2,1
SLC6A3,0
SLC6A8,2
SLC7A11,1
SLC7A13,1
SLC7A4,1
SLC8A1,1
SLC8A3,1
SLC9A1,1
SLC9A2,1
SLC9A6,1
SLC9A8,1
SLC9B2,1
SLC9C1,2
SLCO1B1,1
SLCO1B3,1
SLCO2A1,1
SLCO2B1,2
SLCO4C1,1
SLCO6A1,1
SLFN5,2
SLIT3,2
SLITRK1,1
SLITRK3,2
SLITRK6,1
SLMAP,1
SLTM,1
SLX4,1
SMAD2,1
SMAD9,1
SMARCA5,2
SMARCAD1,1
SMARCC2,2
SMARCD3,1
SMC1A,2
SMC1B,1
SMC2,2
SMC3,6
SMC4,1
SMC5,1
SMCHD1,3
SMCR8,1
SMEK2,1
SMG5,1
SMG7,2
SMPD4,1
SMPDL3B,1
SMUG1,1
SMURF1,2
SMURF2,1
SNAI2,2
SNAP47,1
SND1,1
SNRK,2
SNRNP200,1
SNRNP27,1
SNRNP35,1
SNRNP48,1
SNRNP70,1
SNX16,2
SNX19,1
SNX2,1
SNX20,1
SNX25,1
SNX27,1
SNX29,2
SNX7,1
SOAT1,2
SOBP,1
SOCS4,2
SOD1,1
SOD2,1
SOGA1,1
SOGA3,1
SORBS3,1
SORCS3,2
SORL1,2
SOS1,2
SOS2,1
SOSTDC1,1
SOWAHD,1
SOX12,1
SOX2,1
SOX30,1
SP1,1
SP140,1
SP140L,1
SP3,1
SP4,2
SPAG16,2
SPAG17,1
SPAG5,2
SPAG6,1
SPAG9,3
SPAM1,1
SPANXB1,1
SPATA13,1
SPATA17,1
SPATA2,1
SPATA22,1
SPATA25,1
SPATA31A1,1
SPATA31A6,3
SPATA31D1,1
SPATA32,1
SPATA7,1
SPATA8,1
SPATS1,1
SPDL1,2
SPDYA,1
SPECC1,3
SPECC1L,1
SPEN,4
SPG11,1
SPG21,1
SPIB,1
SPIN1,1
SPIN2B,2
SPINK5,1
SPINK9,1
SPNS1,1
SPOCD1,1
SPOCK3,1
SPON2,2
SPOP,1
SPPL3,2
SPR,0
SPRED2,1
SPTA1,8
SPTAN1,1
SPTB,1
SPTBN1,1
SPTBN2,2
SPTBN4,3
SPTBN5,1
SPTY2D1,1
SPZ1,2
SQLE,2
SRC,1
SRCAP,2
SREK1,1
SRGAP1,2
SRGAP3,1
SRP68,1
SRP72,1
SRPR,1
SRPX,1
SRPX2,1
SRR,1
SRRM1,1
SRRM2,2
SRRT,2
SRSF11,1
SRSF12,1
SSBP2,1
SSFA2,1
SSTR2,1
SSX1,1
ST18,2
ST5,1
ST6GALNAC2,1
ST6GALNAC4,1
ST6GALNAC6,1
ST7,1
ST8SIA3,1
ST8SIA6,1
STAB1,1
STAB2,3
STAC2,1
STAC3,1
STAG1,1
STAG2,1
STAG3,1
STAM2,1
STAR,1
STARD3,1
STARD8,1
STAT2,1
STAT4,1
STATH,1
STAU2,3
STC2,1
STEAP2,1
STEAP3,1
STIM1,1
STK25,1
STK26,1
STK31,1
STOML1,1
STOML2,1
STON1-GTF2A1L,1
STON2,1
STOX2,1
STRA6,1
STT3A,3
STT3B,1
STUB1,1
STX16,1
STX19,1
STX4,1
STX7,1
STXBP3,1
STXBP4,1
STXBP5L,2
SUCO,1
SUFU,1
SUGP1,1
SULF2,2
SULT2A1,1
SUOX,3
SUPT16H,1
SUPT20H,2
SUPT6H,1
SUSD2,1
SUV39H2,1
SUV420H1,1
SUV420H2,1
SUZ12,1
SV2C,1
SVEP1,2
SVIL,3
SVOPL,1
SWSAP1,1
SYCE1,1
SYCP2,1
SYCP2L,2
SYNCRIP,1
SYNE1,4
SYNE2,3
SYNE3,1
SYNGR4,1
SYNJ1,1
SYNPO2,2
SYT1,1
SYT12,1
SYT16,1
SYT17,1
SYTL2,1
SYTL3,2
SYTL4,1
SYTL5,1
SZT2,2
T,1
TAAR5,2
TAB3,2
TACC2,4
TACR3,2
TADA2A,1
TAF1,2
TAF1B,1
TAF1L,2
TAF2,2
TAF5,1
TAF5L,1
TALDO1,1
TAMM41,1
TANC1,1
TAOK1,1
TAOK3,2
TAP1,1
TAPBP,1
TARBP1,2
TARS,2
TAS1R2,1
TAS1R3,1
TAS2R1,1
TAS2R31,1
TAS2R42,1
TAS2R7,1
TATDN3,1
TAX1BP1,2
TBC1D1,1
TBC1D14,1
TBC1D16,1
TBC1D2,2
TBC1D22B,1
TBC1D2B,1
TBC1D31,2
TBC1D4,1
TBC1D7,2
TBC1D8B,2
TBC1D9,2
TBC1D9B,1
TBCCD1,2
TBCEL,1
TBCK,1
TBK1,2
TBL1Y,1
TBL2,2
TBL3,1
TBX15,1
TBX18,2
TBX19,1
TBX20,1
TBX22,1
TBX3,1
TBX5,1
TCAF1,1
TCAP,1
TCEAL2,1
TCEAL3,1
TCEAL5,1
TCEAL6,1
TCEB3,1
TCEB3B,1
TCERG1,1
TCF3,1
TCF7L1,3
TCF7L2,1
TCHP,1
TCN1,1
TCN2,2
TCP11L1,1
TCP11L2,1
TCTE1,1
TCTN2,2
TDO2,1
TDRD5,1
TDRD7,3
TEAD1,2
TEAD4,1
TECPR2,2
TECR,1
TECTA,1
TEFM,2
TEK,2
TENM1,4
TENM2,2
TENM4,3
TEP1,1
TERT,2
TES,1
TESK2,1
TESPA1,1
TET1,2
TEX101,1
TEX11,1
TEX14,3
TEX15,3
TF,1
TFAP2D,1
TFE3,2
TFPI2,1
TFR2,1
TG,19
TGFBR2,1
TGFBRAP1,1
TGM4,1
TGOLN2,1
THADA,1
THAP5,1
THAP7,1
THAP9,1
THBS1,1
THBS2,2
THBS3,1
THEG,1
THEMIS,1
THOC1,1
THOC2,3
THOC5,1
THPO,1
THSD1,1
THSD7B,2
THUMPD3,1
TIAM2,2
TICAM1,1
TIGD2,1
TIGD7,1
TIMELESS,2
TIMM44,1
TIMMDC1,1
TIPARP,1
TIPIN,1
TJP1,3
TJP3,1
TK1,2
TKTL2,1
TLDC1,1
TLE3,1
TLK1,1
TLL1,1
TLL2,1
TLN2,2
TLR1,1
TLR10,1
TLR2,2
TLR3,1
TLR4,1
TLR6,1
TLR7,2
TLR8,2
TM2D3,1
TM4SF18,1
TM7SF2,2
TM9SF4,2
TMBIM4,1
TMC1,2
TMC5,1
TMC8,1
TMCC1,2
TMEM100,1
TMEM109,1
TMEM131,2
TMEM132D,3
TMEM143,2
TMEM145,1
TMEM171,1
TMEM176B,1
TMEM181,1
TMEM189-UBE2V1,1
TMEM192,1
TMEM2,2
TMEM225,1
TMEM255B,1
TMEM257,1
TMEM26,2
TMEM261,1
TMEM35,1
TMEM38A,1
TMEM47,1
TMEM5,1
TMEM50B,1
TMEM53,1
TMEM54,1
TMEM60,1
TMEM62,1
TMEM63B,1
TMEM67,1
TMEM71,1
TMEM8C,1
TMLHE,1
TMOD1,1
TMPRSS11A,1
TMPRSS11B,1
TMPRSS11E,1
TMPRSS11F,1
TMPRSS15,3
TMSB15A,2
TMTC4,1
TMX1,2
TMX3,1
TNC,2
TNFRSF1A,1
TNFSF15,1
TNFSF4,1
TNIK,2
TNKS1BP1,1
TNNT3,1
TNPO2,1
TNR,4
TNRC18,1
TNRC6A,1
TNRC6B,2
TNS1,1
TNS2,1
TOM1L2,1
TOMM20L,1
TONSL,1
TOP2B,1
TOPBP1,2
TOR3A,2
TOX3,1
TP53,2
TP53BP1,2
TP73,2
TPBG,2
TPH2,1
TPM3,1
TPO,1
TPP1,1
TPTE2,1
TRAF1,1
TRAF4,1
TRAFD1,2
TRAK1,1
TRANK1,1
TRAPPC10,1
TRAPPC5,1
TRAPPC9,1
TRAV23DV6,1
TRAV36DV7,1
TRAV9-2,1
TRBV19,1
TRGV4,1
TRHDE,2
TRIB3,1
TRIM15,1
TRIM23,1
TRIM24,2
TRIM26,2
TRIM28,1
TRIM33,1
TRIM39,1
TRIM43,1
TRIM46,1
TRIM47,1
TRIM49C,1
TRIM51,1
TRIM58,1
TRIM6,1
TRIM6-TRIM34,1
TRIML1,1
TRIO,2
TRIOBP,1
TRIP11,2
TRIP12,1
TRMT10C,2
TRMT13,1
TRO,1
TROVE2,4
TRPA1,2
TRPC7,1
TRPM2,1
TRPM3,1
TRPM4,1
TRPM5,1
TRPM7,2
TRPS1,2
TRPV2,1
TRPV3,1
TRPV5,1
TRRAP,1
TSC22D2,1
TSFM,1
TSGA10,1
TSGA13,1
TSHR,1
TSHZ2,1
TSKS,1
TSPAN14,1
TSPAN6,1
TSPAN8,1
TSPY2,1
TSPYL1,1
TSPYL2,1
TTBK2,1
TTC12,1
TTC16,1
TTC21B,1
TTC27,1
TTC3,1
TTC30B,1
TTC36,1
TTC38,1
TTC39C,2
TTC8,1
TTC9B,1
TTF2,2
TTI1,1
TTK,2
TTLL3,1
TTLL4,2
TTLL5,2
TTLL7,2
TTN,25
TTPA,1
TUBA3C,1
TUBB2B,1
TUBB4A,1
TUBB4B,1
TUBE1,1
TUBG1,1
TUBGCP4,1
TUBGCP6,1
TULP1,1
TULP2,2
TULP4,1
TUT1,3
TWF1,1
TWIST1,1
TWISTNB,1
TXNDC16,1
TXNDC2,1
TXNL1,1
TYK2,1
TYMP,1
TYRO3,1
TYRP1,1
TYW1,1
TYW5,1
U2AF2,1
U2SURP,3
UBA6,1
UBA7,1
UBC,1
UBE2F,1
UBE2J1,1
UBE2O,1
UBE2Q2,1
UBE2R2,1
UBE3D,1
UBE4A,1
UBLCP1,1
UBN1,1
UBN2,1
UBP1,3
UBQLN1,1
UBQLN2,1
UBQLN3,2
UBR1,2
UBR2,1
UBR3,1
UBR4,2
UBR5,4
UBR7,1
UBXN2A,1
UBXN2B,2
UBXN4,1
UBXN6,1
UFL1,1
UGGT2,3
UGT1A3,1
UGT1A4,1
UGT2A1,1
UGT2B10,1
UGT2B15,1
UGT2B7,2
UHRF1BP1L,1
UHRF2,1
ULBP1,1
ULK2,1
ULK3,2
ULK4,1
UNC13A,1
UNC13B,1
UNC13C,1
UNC45B,1
UNC5A,1
UNC79,4
UNG,1
UPF2,1
UPF3B,2
UQCRC1,2
UQCRC2,1
URGCP,2
UROC1,1
USH1G,1
USH2A,4
USP1,1
USP2,1
USP24,2
USP25,1
USP26,1
USP28,1
USP33,3
USP37,1
USP40,1
USP44,1
USP47,3
USP48,1
USP49,1
USP5,1
USP51,1
USP54,3
USP6,2
USP8,1
USP9X,6
USP9Y,2
UTP11L,1
UTP14C,1
UTP20,3
UTP3,3
UTP6,1
UTRN,4
UVRAG,0
UVSSA,1
VAMP3,1
VANGL1,1
VAPA,2
VAV2,1
VBP1,1
VCAM1,2
VCAN,2
VCL,2
VCP,1
VDAC1,1
VDAC3,1
VEGFA,1
VEZT,1
VGLL3,1
VLDLR,1
VMO1,1
VMP1,1
VN1R1,1
VNN1,1
VNN2,1
VNN3,1
VPS13A,6
VPS13B,3
VPS13C,4
VPS13D,3
VPS16,1
VPS4B,1
VPS52,1
VSIG2,1
VTA1,1
VTI1A,1
VTN,1
VWA2,2
VWA8,2
VWA9,1
VWF,1
WARS,1
WASF2,1
WASL,1
WDFY3,3
WDHD1,1
WDPCP,1
WDR11,3
WDR17,2
WDR3,1
WDR33,3
WDR35,2
WDR36,1
WDR45,1
WDR45B,1
WDR47,2
WDR49,2
WDR54,1
WDR59,1
WDR5B,1
WDR6,3
WDR60,1
WDR62,1
WDR64,1
WDR66,1
WDR7,2
WDR72,1
WDR75,1
WDR89,1
WDR90,1
WDTC1,1
WFDC3,1
WFS1,1
WHSC1,1
WHSC1L1,3
WI2-3308P17.2,1
WIPF1,1
WIPF2,1
WLS,1
WNK1,1
WNK2,3
WNK4,1
WNT11,1
WNT16,1
WNT5B,1
WNT8B,1
WRN,2
WT1,1
XDH,1
XIRP2,4
XKR4,1
XPNPEP1,1
XPO4,1
XPO5,1
XPO6,1
XPO7,1
XPOT,1
XPR1,1
XRCC3,1
XRCC5,3
XRCC6BP1,2
XRN1,2
XXbac-BPG116M5.17,2
XYLB,1
XYLT2,1
YAE1D1,1
YBX2,1
YEATS2,1
YEATS4,0
YES1,2
YIF1A,1
YIF1B,1
YLPM1,3
YTHDC1,3
YTHDC2,2
YWHAE,1
YWHAH,1
YWHAZ,1
YY2,1
ZAN,1
ZBBX,1
ZBED9,2
ZBTB1,1
ZBTB10,1
ZBTB12,1
ZBTB18,1
ZBTB2,1
ZBTB22,2
ZBTB24,0
ZBTB32,1
ZBTB38,1
ZBTB39,1
ZBTB40,1
ZBTB43,1
ZBTB8OS,1
ZC3H11A,1
ZC3H12A,1
ZC3H12B,1
ZC3H12C,1
ZC3H13,3
ZC3H18,1
ZC3H4,2
ZC3H7A,2
ZC3HC1,1
ZCCHC10,1
ZCCHC11,1
ZCCHC14,1
ZCCHC2,1
ZCCHC6,1
ZCCHC9,1
ZCWPW1,1
ZDBF2,2
ZDHHC21,1
ZDHHC23,1
ZEB2,2
ZFAND1,1
ZFAND3,1
ZFAND5,1
ZFC3H1,2
ZFHX3,6
ZFHX4,1
ZFP2,2
ZFP36,2
ZFP36L2,2
ZFP41,1
ZFP90,1
ZFPM2,1
ZFR2,1
ZFX,1
ZFYVE1,1
ZFYVE16,2
ZFYVE26,1
ZFYVE28,1
ZG16B,1
ZGPAT,1
ZGRF1,1
ZIC2,1
ZIK1,1
ZKSCAN1,1
ZKSCAN3,2
ZMIZ1,2
ZMIZ2,2
ZMPSTE24,1
ZMYM4,2
ZMYND11,1
ZMYND12,1
ZNF10,2
ZNF101,1
ZNF106,2
ZNF107,1
ZNF117,1
ZNF132,1
ZNF141,1
ZNF142,1
ZNF143,1
ZNF148,2
ZNF169,1
ZNF181,1
ZNF184,1
ZNF185,1
ZNF2,1
ZNF207,1
ZNF211,2
ZNF223,1
ZNF225,1
ZNF23,1
ZNF234,2
ZNF236,1
ZNF239,1
ZNF250,1
ZNF253,1
ZNF254,2
ZNF257,3
ZNF26,1
ZNF260,1
ZNF263,1
ZNF267,1
ZNF275,1
ZNF28,1
ZNF280C,1
ZNF280D,2
ZNF283,2
ZNF284,2
ZNF286A,1
ZNF292,4
ZNF30,1
ZNF300,1
ZNF302,1
ZNF311,2
ZNF318,1
ZNF326,2
ZNF334,1
ZNF335,1
ZNF337,2
ZNF341,1
ZNF343,1
ZNF345,2
ZNF350,1
ZNF354B,1
ZNF354C,1
ZNF383,1
ZNF384,1
ZNF385B,1
ZNF385D,2
ZNF397,1
ZNF407,3
ZNF410,1
ZNF415,1
ZNF420,1
ZNF426,1
ZNF43,1
ZNF438,1
ZNF451,1
ZNF461,3
ZNF462,1
ZNF467,2
ZNF471,1
ZNF48,1
ZNF480,1
ZNF484,1
ZNF488,1
ZNF490,1
ZNF491,2
ZNF492,1
ZNF497,1
ZNF500,1
ZNF503,1
ZNF507,1
ZNF512,1
ZNF518A,1
ZNF521,2
ZNF525,1
ZNF527,1
ZNF528,2
ZNF534,1
ZNF540,2
ZNF543,1
ZNF544,2
ZNF559-ZNF177,1
ZNF560,2
ZNF563,1
ZNF564,1
ZNF565,1
ZNF567,1
ZNF568,1
ZNF573,1
ZNF583,3
ZNF592,2
ZNF596,1
ZNF598,1
ZNF605,1
ZNF607,1
ZNF611,1
ZNF613,1
ZNF621,1
ZNF623,0
ZNF624,2
ZNF639,1
ZNF644,2
ZNF646,1
ZNF655,1
ZNF658,2
ZNF66,1
ZNF660,1
ZNF668,1
ZNF677,1
ZNF678,1
ZNF679,1
ZNF683,2
ZNF687,1
ZNF688,1
ZNF692,1
ZNF7,1
ZNF705D,1
ZNF709,1
ZNF711,2
ZNF713,1
ZNF716,2
ZNF721,2
ZNF724P,3
ZNF735,1
ZNF74,1
ZNF749,1
ZNF75D,1
ZNF76,1
ZNF763,2
ZNF766,1
ZNF777,3
ZNF781,1
ZNF786,1
ZNF791,1
ZNF804A,3
ZNF804B,1
ZNF808,2
ZNF827,1
ZNF829,1
ZNF830,1
ZNF831,1
ZNF835,1
ZNF845,1
ZNF85,3
ZNF852,1
ZNF860,1
ZNF91,1
ZNFX1,1
ZNHIT2,1
ZNHIT6,1
ZNRF3,2
ZPBP,1
ZRANB2,1
ZRANB3,1
ZSCAN12,1
ZSCAN16,2
ZSCAN20,2
ZSCAN29,1
ZSCAN5A,1
ZSCAN5B,1
ZSWIM2,1
ZSWIM8,1
ZW10,2
ZWILCH,1
ZXDC,1
ZZEF1,1
ZZZ3,1
